-- phpMyAdmin SQL Dump
-- version 5.1.3
-- https://www.phpmyadmin.net/
--
-- Хост: localhost
-- Время создания: Май 15 2024 г., 15:08
-- Версия сервера: 10.6.9-MariaDB
-- Версия PHP: 8.1.10

SET SQL_MODE = "NO_AUTO_VALUE_ON_ZERO";
START TRANSACTION;
SET time_zone = "+00:00";


/*!40101 SET @OLD_CHARACTER_SET_CLIENT=@@CHARACTER_SET_CLIENT */;
/*!40101 SET @OLD_CHARACTER_SET_RESULTS=@@CHARACTER_SET_RESULTS */;
/*!40101 SET @OLD_COLLATION_CONNECTION=@@COLLATION_CONNECTION */;
/*!40101 SET NAMES utf8mb4 */;

--
-- База данных: `2024_PROJ_Dzivnieki`
--
CREATE DATABASE IF NOT EXISTS `2024_PROJ_Dzivnieki` DEFAULT CHARACTER SET utf8mb4 COLLATE utf8mb4_bin;
USE `2024_PROJ_Dzivnieki`;

-- --------------------------------------------------------

--
-- Структура таблицы `atbildes`
--

CREATE TABLE `atbildes` (
  `Atbilde_ID` int(11) NOT NULL,
  `Jautajums_ID` int(11) NOT NULL,
  `Atbilde` varchar(255) NOT NULL
) ENGINE=InnoDB DEFAULT CHARSET=utf8mb4;

--
-- Дамп данных таблицы `atbildes`
--

INSERT INTO `atbildes` (`Atbilde_ID`, `Jautajums_ID`, `Atbilde`) VALUES
(1, 1, 'Madride'),
(2, 2, 'Nepāla'),
(3, 3, '8'),
(4, 4, 'Mocarts'),
(5, 5, '1237'),
(6, 6, '296'),
(8, 8, 'Ādažu'),
(9, 9, 'Klusais'),
(10, 10, 'Indija'),
(11, 11, '4'),
(12, 12, 'Nē');

-- --------------------------------------------------------

--
-- Структура таблицы `dzivnieki`
--

CREATE TABLE `dzivnieki` (
  `Dzivnieks_ID` int(11) NOT NULL,
  `ID_Lietotajs` int(11) NOT NULL,
  `Vards` varchar(50) NOT NULL,
  `Dzivnieks` varchar(50) NOT NULL,
  `Bada_limenis` int(3) NOT NULL,
  `Labsajutas_limenis` int(3) NOT NULL
) ENGINE=InnoDB DEFAULT CHARSET=utf8mb4;

--
-- Дамп данных таблицы `dzivnieki`
--

INSERT INTO `dzivnieki` (`Dzivnieks_ID`, `ID_Lietotajs`, `Vards`, `Dzivnieks`, `Bada_limenis`, `Labsajutas_limenis`) VALUES
(1, 1, 'Reksis', 'Zaķis', 100, 97),
(2, 2, 'Māris', 'Suns', 76, 95),
(3, 3, 'Ciepa', 'Žurka', 65, 76),
(4, 4, 'Kaktus', 'Kaķis', 50, 100),
(5, 5, 'Klauns', 'Suns', 40, 100),
(6, 1, 'Reksis', 'Bokseris', 100, 97),
(7, 2, 'Māris', 'Birmas', 76, 95),
(8, 3, 'Ciepa', 'Britu', 65, 76);

-- --------------------------------------------------------

--
-- Структура таблицы `ediens`
--

CREATE TABLE `ediens` (
  `Ediens_ID` int(11) NOT NULL,
  `Nosaukums` varchar(255) NOT NULL,
  `Vertiba` int(3) NOT NULL,
  `Cena` int(5) NOT NULL
) ENGINE=InnoDB DEFAULT CHARSET=utf8mb4;

--
-- Дамп данных таблицы `ediens`
--

INSERT INTO `ediens` (`Ediens_ID`, `Nosaukums`, `Vertiba`, `Cena`) VALUES
(1, 'Burkans', 10, 5),
(2, 'Burger', 30, 12),
(3, 'Ola', 15, 6),
(4, 'Piens', 20, 7),
(5, 'Pica', 25, 10),
(6, 'Burkans', 10, 5),
(7, 'Burger', 30, 12),
(8, 'Ola', 15, 6),
(9, 'Piens', 20, 7),
(10, 'Pica', 25, 10);

-- --------------------------------------------------------

--
-- Структура таблицы `jautajumu_banka`
--

CREATE TABLE `jautajumu_banka` (
  `Jautajums_ID` int(11) NOT NULL,
  `Jautajums` varchar(255) NOT NULL
) ENGINE=InnoDB DEFAULT CHARSET=utf8mb4;

--
-- Дамп данных таблицы `jautajumu_banka`
--

INSERT INTO `jautajumu_banka` (`Jautajums_ID`, `Jautajums`) VALUES
(1, 'Kas ir Spānijas galvaspilsēta?'),
(2, 'Kur atrodas Everests?'),
(3, 'Cik zirnekļiem ir kājas?'),
(4, 'Kurš uzrakstīja skaņdarbu Elīzei?'),
(5, '752 + 485 = ?'),
(6, '74*4 = ?'),
(8, 'Latvijas nacionālo čipsu nosaukums?'),
(9, 'Kas ir vislielākais okeāns?'),
(10, 'Kura ir visapdzīvotākā valsts pasaulē?'),
(11, 'Cik gadalaiku pastāv Latvijā?'),
(12, 'Vai Lietuva bija daļa no Livonijas ordeņa?'),
(13, 'Kas ir Spānijas galvaspilsēta?'),
(14, 'Kur atrodas Everests?'),
(15, 'Cik zirnekļiem ir kājas?'),
(16, 'Kurš uzrakstīja skaņdarbu Elīzei?'),
(17, '752 + 485 = ?'),
(18, '74*4 = ?'),
(19, 'Cikos Rimi slēdzās ciet?'),
(20, 'Latvijas nacionālo čipsu nosaukums?'),
(21, 'Kas ir vislielākais okeāns?'),
(22, 'Kura ir visapdzīvotākā valsts pasaulē?'),
(23, 'Cik gadalaiku pastāv Latvijā?'),
(24, 'Vai Lietuva bija daļa no Livonijas ordeņa?');

-- --------------------------------------------------------

--
-- Структура таблицы `kapi`
--

CREATE TABLE `kapi` (
  `MirDzivn_ID` int(11) NOT NULL,
  `Lietotajs_ID` int(11) NOT NULL,
  `Dzivnieks_ID` int(11) NOT NULL,
  `Datums_laiks` datetime NOT NULL
) ENGINE=InnoDB DEFAULT CHARSET=utf8mb4;

--
-- Дамп данных таблицы `kapi`
--

INSERT INTO `kapi` (`MirDzivn_ID`, `Lietotajs_ID`, `Dzivnieks_ID`, `Datums_laiks`) VALUES
(1, 1, 1, '2024-04-08 00:00:00'),
(2, 2, 2, '2024-04-07 00:00:00'),
(3, 3, 3, '2024-04-06 00:00:00'),
(4, 1, 1, '2024-04-08 00:00:00'),
(5, 2, 2, '2024-04-07 00:00:00'),
(6, 3, 3, '2024-04-06 00:00:00');

-- --------------------------------------------------------

--
-- Структура таблицы `ledusskapis`
--

CREATE TABLE `ledusskapis` (
  `Ledusskapja_ID` int(11) NOT NULL,
  `Lietotajs_ID` int(11) NOT NULL,
  `Ediens_ID` int(11) NOT NULL,
  `Daudzums` int(2) NOT NULL
) ENGINE=InnoDB DEFAULT CHARSET=utf8mb4;

--
-- Дамп данных таблицы `ledusskapis`
--

INSERT INTO `ledusskapis` (`Ledusskapja_ID`, `Lietotajs_ID`, `Ediens_ID`, `Daudzums`) VALUES
(1, 1, 1, 7),
(2, 2, 2, 6),
(3, 3, 3, 4),
(4, 4, 3, 3),
(5, 1, 1, 7),
(6, 2, 2, 6),
(7, 3, 3, 4);

-- --------------------------------------------------------

--
-- Структура таблицы `lietotaji`
--

CREATE TABLE `lietotaji` (
  `Lietotajs_ID` int(11) NOT NULL,
  `Lietotajvards` varchar(255) NOT NULL,
  `Epasts` varchar(255) NOT NULL,
  `Parole` varchar(255) NOT NULL,
  `Nauda` int(11) NOT NULL
) ENGINE=InnoDB DEFAULT CHARSET=utf8mb4;

--
-- Дамп данных таблицы `lietotaji`
--

INSERT INTO `lietotaji` (`Lietotajs_ID`, `Lietotajvards`, `Epasts`, `Parole`, `Nauda`) VALUES
(1, 'Andris123', 'Andris123@gmail.com', 'asdbfd123', 100),
(2, 'Santaaa39', 'Santaa32@inbox.lv', 'Santaer312', 86),
(3, 'RiekstinSSH', 'Bobik423@gmail.com', 'okfdshbai489', 45),
(4, 'Bumeris', 'bumerisbumbieris@inbox.lv', 'bumbene12345', 20),
(5, 'jorgens', 'jormens@inbox.lv', 'shumers111', 15),
(6, 'Andris123', 'Andris123@gmail.com', 'asdbfd123', 100),
(7, 'Santaaa39', 'Santaa32@inbox.lv', 'Santaer312', 86),
(8, 'RiekstinSSH', 'Bobik423@gmail.com', 'okfdshbai489', 45),
(9, 'Andris123', 'Andris123@gmail.com', 'asdbfd123', 100),
(10, 'Santaaa39', 'Santaa32@inbox.lv', 'Santaer312', 86),
(11, 'RiekstinSSH', 'Bobik423@gmail.com', 'okfdshbai489', 45),
(12, 'Andris123', 'Andris123@gmail.com', 'asdbfd123', 100),
(13, 'Santaaa39', 'Santaa32@inbox.lv', 'Santaer312', 86),
(14, 'RiekstinSSH', 'Bobik423@gmail.com', 'okfdshbai489', 45);

-- --------------------------------------------------------

--
-- Структура таблицы `sasniegumi`
--

CREATE TABLE `sasniegumi` (
  `Sasniegumi_ID` int(11) NOT NULL,
  `Sasniegums_ID` int(11) NOT NULL,
  `Lietotajs_ID` int(11) NOT NULL,
  `Datums_laiks` datetime NOT NULL
) ENGINE=InnoDB DEFAULT CHARSET=utf8mb4;

--
-- Дамп данных таблицы `sasniegumi`
--

INSERT INTO `sasniegumi` (`Sasniegumi_ID`, `Sasniegums_ID`, `Lietotajs_ID`, `Datums_laiks`) VALUES
(1, 1, 1, '2024-04-08 00:00:00'),
(2, 1, 2, '2024-04-08 00:00:00'),
(3, 1, 3, '2024-04-08 00:00:00'),
(5, 8, 3, '2024-04-08 00:00:00'),
(6, 1, 4, '2024-04-08 16:20:11'),
(7, 1, 5, '2024-04-08 16:24:56');

-- --------------------------------------------------------

--
-- Структура таблицы `sasniegumu_banka`
--

CREATE TABLE `sasniegumu_banka` (
  `Sasniegums_ID` int(11) NOT NULL,
  `Nosaukums` varchar(255) COLLATE utf8mb4_bin NOT NULL,
  `Vertiba` int(5) NOT NULL
) ENGINE=InnoDB DEFAULT CHARSET=utf8mb4 COLLATE=utf8mb4_bin;

--
-- Дамп данных таблицы `sasniegumu_banka`
--

INSERT INTO `sasniegumu_banka` (`Sasniegums_ID`, `Nosaukums`, `Vertiba`) VALUES
(1, 'Tavs jaunais draugs!', 50),
(2, 'Pirmais sapnis...', 25),
(3, 'Es taču neesmu zaķis!', 15),
(4, 'Tikko nosapņoju par Itāliju...', 20),
(5, 'Tik taukains... Bet tik ļoti sātīgs!', 25),
(6, 'Tā kā no mammas bērnības!', 10),
(7, 'Nelabvēlīga atmosfēra...', 5),
(8, 'Einšteins!', 50),
(11, 'Tavs jaunais draugs!', 50),
(12, 'Pirmais sapnis…', 25),
(13, 'Es taču neesmu zaķis!', 15),
(14, 'Tikko nosapņoju par Itāliju', 20),
(15, 'Tik taukains… Bet tik ļoti sātīgs!', 25),
(16, 'Tā kā no mammas bērnības!', 10),
(17, 'Nelabvēlīga atmosfēra', 5),
(18, 'Einšteins', 50);

-- --------------------------------------------------------

--
-- Структура таблицы `transakcijas`
--

CREATE TABLE `transakcijas` (
  `Transakcijas_ID` int(11) NOT NULL,
  `Lietotajs_ID` int(11) NOT NULL,
  `Ediens_ID` int(11) NOT NULL,
  `Daudzums` int(2) NOT NULL,
  `Nauda` int(11) NOT NULL,
  `Datums_laiks` datetime NOT NULL
) ENGINE=InnoDB DEFAULT CHARSET=utf8mb4;

--
-- Дамп данных таблицы `transakcijas`
--

INSERT INTO `transakcijas` (`Transakcijas_ID`, `Lietotajs_ID`, `Ediens_ID`, `Daudzums`, `Nauda`, `Datums_laiks`) VALUES
(1, 1, 1, 3, 15, '2024-04-08 00:00:00'),
(2, 2, 2, 2, 24, '2024-04-07 00:00:00'),
(3, 3, 3, 4, 24, '2024-04-06 00:00:00'),
(4, 1, 5, 1, 10, '2024-04-08 00:00:00'),
(6, 1, 1, 3, 15, '2024-04-08 00:00:00'),
(7, 2, 2, 2, 24, '2024-04-07 00:00:00'),
(8, 3, 3, 4, 24, '2024-04-06 00:00:00'),
(9, 1, 5, 1, 10, '2024-04-08 00:00:00'),
(10, 3, 4, 2, 14, '2024-04-06 00:00:00'),
(11, 1, 1, 3, 15, '2024-04-08 00:00:00'),
(12, 2, 2, 2, 24, '2024-04-07 00:00:00'),
(13, 3, 3, 4, 24, '2024-04-06 00:00:00'),
(14, 1, 5, 1, 10, '2024-04-08 00:00:00'),
(15, 3, 4, 2, 14, '2024-04-06 00:00:00');

--
-- Индексы сохранённых таблиц
--

--
-- Индексы таблицы `atbildes`
--
ALTER TABLE `atbildes`
  ADD PRIMARY KEY (`Atbilde_ID`),
  ADD KEY `Atbilde_Jautajums` (`Jautajums_ID`);

--
-- Индексы таблицы `dzivnieki`
--
ALTER TABLE `dzivnieki`
  ADD PRIMARY KEY (`Dzivnieks_ID`),
  ADD KEY `Lietotajs_Dzivnieks` (`ID_Lietotajs`);

--
-- Индексы таблицы `ediens`
--
ALTER TABLE `ediens`
  ADD PRIMARY KEY (`Ediens_ID`);

--
-- Индексы таблицы `jautajumu_banka`
--
ALTER TABLE `jautajumu_banka`
  ADD PRIMARY KEY (`Jautajums_ID`);

--
-- Индексы таблицы `kapi`
--
ALTER TABLE `kapi`
  ADD PRIMARY KEY (`MirDzivn_ID`),
  ADD KEY `Lietotajs_Kapi` (`Lietotajs_ID`),
  ADD KEY `Dzivnieks_Kapi` (`Dzivnieks_ID`);

--
-- Индексы таблицы `ledusskapis`
--
ALTER TABLE `ledusskapis`
  ADD PRIMARY KEY (`Ledusskapja_ID`),
  ADD KEY `Lietotajs_Ledusskapis` (`Lietotajs_ID`),
  ADD KEY `Ediens_Ledusskapis` (`Ediens_ID`);

--
-- Индексы таблицы `lietotaji`
--
ALTER TABLE `lietotaji`
  ADD PRIMARY KEY (`Lietotajs_ID`);

--
-- Индексы таблицы `sasniegumi`
--
ALTER TABLE `sasniegumi`
  ADD PRIMARY KEY (`Sasniegumi_ID`),
  ADD KEY `Lietotajs_Sasniegumi` (`Lietotajs_ID`),
  ADD KEY `Sasniegums_Sasniegumi` (`Sasniegums_ID`);

--
-- Индексы таблицы `sasniegumu_banka`
--
ALTER TABLE `sasniegumu_banka`
  ADD PRIMARY KEY (`Sasniegums_ID`);

--
-- Индексы таблицы `transakcijas`
--
ALTER TABLE `transakcijas`
  ADD PRIMARY KEY (`Transakcijas_ID`),
  ADD KEY `Lietotajs_Transakcijas` (`Lietotajs_ID`),
  ADD KEY `Ediens_Transakcijas` (`Ediens_ID`);

--
-- AUTO_INCREMENT для сохранённых таблиц
--

--
-- AUTO_INCREMENT для таблицы `atbildes`
--
ALTER TABLE `atbildes`
  MODIFY `Atbilde_ID` int(11) NOT NULL AUTO_INCREMENT, AUTO_INCREMENT=13;

--
-- AUTO_INCREMENT для таблицы `dzivnieki`
--
ALTER TABLE `dzivnieki`
  MODIFY `Dzivnieks_ID` int(11) NOT NULL AUTO_INCREMENT, AUTO_INCREMENT=9;

--
-- AUTO_INCREMENT для таблицы `ediens`
--
ALTER TABLE `ediens`
  MODIFY `Ediens_ID` int(11) NOT NULL AUTO_INCREMENT, AUTO_INCREMENT=11;

--
-- AUTO_INCREMENT для таблицы `jautajumu_banka`
--
ALTER TABLE `jautajumu_banka`
  MODIFY `Jautajums_ID` int(11) NOT NULL AUTO_INCREMENT, AUTO_INCREMENT=25;

--
-- AUTO_INCREMENT для таблицы `kapi`
--
ALTER TABLE `kapi`
  MODIFY `MirDzivn_ID` int(11) NOT NULL AUTO_INCREMENT, AUTO_INCREMENT=7;

--
-- AUTO_INCREMENT для таблицы `ledusskapis`
--
ALTER TABLE `ledusskapis`
  MODIFY `Ledusskapja_ID` int(11) NOT NULL AUTO_INCREMENT, AUTO_INCREMENT=8;

--
-- AUTO_INCREMENT для таблицы `lietotaji`
--
ALTER TABLE `lietotaji`
  MODIFY `Lietotajs_ID` int(11) NOT NULL AUTO_INCREMENT, AUTO_INCREMENT=15;

--
-- AUTO_INCREMENT для таблицы `sasniegumi`
--
ALTER TABLE `sasniegumi`
  MODIFY `Sasniegumi_ID` int(11) NOT NULL AUTO_INCREMENT, AUTO_INCREMENT=8;

--
-- AUTO_INCREMENT для таблицы `sasniegumu_banka`
--
ALTER TABLE `sasniegumu_banka`
  MODIFY `Sasniegums_ID` int(11) NOT NULL AUTO_INCREMENT, AUTO_INCREMENT=19;

--
-- AUTO_INCREMENT для таблицы `transakcijas`
--
ALTER TABLE `transakcijas`
  MODIFY `Transakcijas_ID` int(11) NOT NULL AUTO_INCREMENT, AUTO_INCREMENT=16;

--
-- Ограничения внешнего ключа сохраненных таблиц
--

--
-- Ограничения внешнего ключа таблицы `atbildes`
--
ALTER TABLE `atbildes`
  ADD CONSTRAINT `Atbilde_Jautajums` FOREIGN KEY (`Jautajums_ID`) REFERENCES `jautajumu_banka` (`Jautajums_ID`);

--
-- Ограничения внешнего ключа таблицы `dzivnieki`
--
ALTER TABLE `dzivnieki`
  ADD CONSTRAINT `Lietotajs_Dzivnieks` FOREIGN KEY (`ID_Lietotajs`) REFERENCES `lietotaji` (`Lietotajs_ID`);

--
-- Ограничения внешнего ключа таблицы `kapi`
--
ALTER TABLE `kapi`
  ADD CONSTRAINT `Dzivnieks_Kapi` FOREIGN KEY (`Dzivnieks_ID`) REFERENCES `dzivnieki` (`Dzivnieks_ID`),
  ADD CONSTRAINT `Lietotajs_Kapi` FOREIGN KEY (`Lietotajs_ID`) REFERENCES `lietotaji` (`Lietotajs_ID`);

--
-- Ограничения внешнего ключа таблицы `ledusskapis`
--
ALTER TABLE `ledusskapis`
  ADD CONSTRAINT `Ediens_Ledusskapis` FOREIGN KEY (`Ediens_ID`) REFERENCES `ediens` (`Ediens_ID`),
  ADD CONSTRAINT `Lietotajs_Ledusskapis` FOREIGN KEY (`Lietotajs_ID`) REFERENCES `lietotaji` (`Lietotajs_ID`);

--
-- Ограничения внешнего ключа таблицы `sasniegumi`
--
ALTER TABLE `sasniegumi`
  ADD CONSTRAINT `Lietotajs_Sasniegumi` FOREIGN KEY (`Lietotajs_ID`) REFERENCES `lietotaji` (`Lietotajs_ID`),
  ADD CONSTRAINT `Sasniegums_Sasniegumi` FOREIGN KEY (`Sasniegums_ID`) REFERENCES `sasniegumu_banka` (`Sasniegums_ID`);

--
-- Ограничения внешнего ключа таблицы `transakcijas`
--
ALTER TABLE `transakcijas`
  ADD CONSTRAINT `Ediens_Transakcijas` FOREIGN KEY (`Ediens_ID`) REFERENCES `ediens` (`Ediens_ID`),
  ADD CONSTRAINT `Lietotajs_Transakcijas` FOREIGN KEY (`Lietotajs_ID`) REFERENCES `lietotaji` (`Lietotajs_ID`);
--
-- База данных: `2024_Skola_23067P`
--
CREATE DATABASE IF NOT EXISTS `2024_Skola_23067P` DEFAULT CHARACTER SET utf8mb4 COLLATE utf8mb4_bin;
USE `2024_Skola_23067P`;

-- --------------------------------------------------------

--
-- Структура таблицы `Klase`
--

CREATE TABLE `Klase` (
  `ID_Klase` int(2) NOT NULL,
  `Nosaukums` varchar(3) DEFAULT NULL,
  `Telpa` varchar(17) DEFAULT NULL,
  `ID_Skolotajs` int(2) DEFAULT NULL,
  `Profils` varchar(12) DEFAULT NULL,
  `Piezimes` varchar(10) DEFAULT NULL
) ENGINE=InnoDB DEFAULT CHARSET=utf8mb3 ROW_FORMAT=COMPACT;

--
-- Дамп данных таблицы `Klase`
--

INSERT INTO `Klase` (`ID_Klase`, `Nosaukums`, `Telpa`, `ID_Skolotajs`, `Profils`, `Piezimes`) VALUES
(1, '1.a', '12. telpa', 10, '', ''),
(2, '1.b', '2. telpa', 1, '', ''),
(3, '1.c', '11. telpa', 12, '', ''),
(4, '2.a', 'Dziedāšanas klase', 9, 'Angļu valoda', ''),
(5, '2.b', '1. telpa', 4, '', ''),
(6, '3.a', '5. telpa', 11, '', ''),
(7, '3.b', '4. telpa', 2, '', ''),
(8, '4.a', '7. telpa', 8, 'Matemātika', ''),
(9, '4.b', '8. telpa', 3, '', ''),
(10, '5.a', '3. telpa', 5, '', ''),
(11, '5.b', '10. telpa', 7, '', ''),
(12, '3.c', '6. telpa', 6, '', '');

-- --------------------------------------------------------

--
-- Структура таблицы `Prieksmets`
--

CREATE TABLE `Prieksmets` (
  `ID_prieksmets` int(2) NOT NULL,
  `Nosaukums` varchar(29) DEFAULT NULL,
  `Saisin_nosaukums` varchar(12) DEFAULT NULL
) ENGINE=InnoDB DEFAULT CHARSET=utf8mb3 ROW_FORMAT=COMPACT;

--
-- Дамп данных таблицы `Prieksmets`
--

INSERT INTO `Prieksmets` (`ID_prieksmets`, `Nosaukums`, `Saisin_nosaukums`) VALUES
(1, 'Matemātika', 'Mat'),
(2, 'Angļu valoda', 'Ang'),
(3, 'Vācu valoda', 'Vāc'),
(4, 'Latviešu valoda un literatūra', 'Lat.vl & lit'),
(5, 'Zīmēšana', 'Zīm'),
(6, 'Dziedāšana', 'Dz'),
(7, 'Dabas mācîba', 'Dm'),
(8, 'Sports', 'FA'),
(28, 'Datu bāze I', 'DB 1');

-- --------------------------------------------------------

--
-- Структура таблицы `Sekmes`
--

CREATE TABLE `Sekmes` (
  `ID_Skolens` int(3) DEFAULT NULL,
  `ID_Stunda` int(2) DEFAULT NULL,
  `Datums` varchar(19) DEFAULT NULL,
  `Vertejums` int(2) DEFAULT NULL
) ENGINE=InnoDB DEFAULT CHARSET=utf8mb3 ROW_FORMAT=COMPACT;

--
-- Дамп данных таблицы `Sekmes`
--

INSERT INTO `Sekmes` (`ID_Skolens`, `ID_Stunda`, `Datums`, `Vertejums`) VALUES
(8, 12, '2019-09-12 00:00:00', 5),
(13, 14, '2019-08-11 00:00:00', 6),
(226, 1, '2019-09-10 00:00:00', 7),
(1, 15, '2019-10-09 00:00:00', 2),
(2, 12, '2019-09-12 00:00:00', 6),
(2, 13, '2019-08-10 00:00:00', 6),
(192, 1, '2019-09-10 00:00:00', 9),
(3, 13, '2019-08-10 00:00:00', 6),
(3, 11, '2019-09-10 00:00:00', 4),
(3, 14, '2019-09-06 00:00:00', 4),
(4, 12, '2019-09-12 00:00:00', 5),
(4, 13, '2019-08-11 00:00:00', 7),
(4, 11, '2019-09-10 00:00:00', 7),
(4, 15, '2019-10-09 00:00:00', 3),
(5, 12, '2019-09-12 00:00:00', 6),
(5, 13, '2019-08-10 00:00:00', 6),
(5, 1, '2019-09-10 00:00:00', 7),
(8, 10, '2019-09-10 00:00:00', 1),
(12, 14, '2019-09-06 00:00:00', 4),
(1, 16, '2019-10-09 00:00:00', 3),
(2, 17, '2019-10-09 00:00:00', 4),
(3, 18, '2019-10-09 00:00:00', 6),
(5, 15, '2019-10-09 00:00:00', 5),
(7, 18, '2019-10-09 00:00:00', 6),
(8, 15, '2019-10-09 00:00:00', 5),
(16, 16, '2019-11-12 00:00:00', 0),
(148, 1, '2019-10-12 00:00:00', 6),
(151, 1, '2019-11-12 00:00:00', 7),
(73, 1, '2019-11-12 00:00:00', 7),
(169, 1, '2019-11-12 00:00:00', 9),
(30, 1, '2019-11-12 00:00:00', 8),
(90, 1, '2019-11-12 00:00:00', 6),
(144, 1, '2019-11-12 00:00:00', 5),
(264, 10, '2019-11-12 00:00:00', 7),
(93, 10, '2019-11-12 00:00:00', 8),
(213, 10, '2019-11-12 00:00:00', 10),
(169, 10, '2019-11-12 00:00:00', 6),
(258, 10, '2019-11-12 00:00:00', 7),
(41, 10, '2019-11-12 00:00:00', 8),
(118, 10, '2019-11-12 00:00:00', 5),
(93, 11, '2019-11-12 00:00:00', 5),
(213, 11, '2019-11-12 00:00:00', 7),
(148, 11, '2019-11-12 00:00:00', 9),
(165, 11, '2019-11-12 00:00:00', 8),
(213, 12, '2019-11-12 00:00:00', 7),
(205, 12, '2019-11-12 00:00:00', 8),
(169, 12, '2019-11-12 00:00:00', 9),
(33, 12, '2019-11-12 00:00:00', 6),
(165, 12, '2019-11-12 00:00:00', 5),
(191, 12, '2019-11-12 00:00:00', 7),
(213, 13, '2019-11-12 00:00:00', 7),
(198, 13, '2019-11-12 00:00:00', 10),
(129, 13, '2019-11-12 00:00:00', 4),
(148, 14, '2019-11-12 00:00:00', 5),
(172, 14, '2019-11-12 00:00:00', 6),
(33, 14, '2019-11-12 00:00:00', 7),
(164, 14, '2019-11-12 00:00:00', 8),
(128, 14, '2019-11-12 00:00:00', 5),
(169, 15, '2019-11-12 00:00:00', 6),
(148, 15, '2019-11-12 00:00:00', 7),
(26, 15, '2019-11-12 00:00:00', 5),
(169, 16, '2019-11-12 00:00:00', 6),
(33, 16, '2019-11-12 00:00:00', 8),
(162, 16, '2019-11-12 00:00:00', 8),
(14, 16, '2019-11-12 00:00:00', 8),
(148, 17, '2019-11-12 00:00:00', 5),
(33, 17, '2019-11-12 00:00:00', 7),
(14, 17, '2019-11-12 00:00:00', 7),
(198, 17, '2019-11-12 00:00:00', 5),
(93, 17, '2019-11-12 00:00:00', 5),
(228, 17, '2019-11-12 00:00:00', 8),
(205, 18, '2019-11-12 00:00:00', 5),
(228, 18, '2019-11-12 00:00:00', 6),
(53, 18, '2019-11-12 00:00:00', 8),
(23, 18, '2019-11-12 00:00:00', 8),
(29, 18, '2019-11-12 00:00:00', 6),
(172, 18, '2019-11-12 00:00:00', 8),
(93, 19, '2019-11-12 00:00:00', 8),
(148, 19, '2019-11-12 00:00:00', 5),
(14, 19, '2019-11-12 00:00:00', 6),
(148, 19, '2019-11-12 00:00:00', 7),
(228, 19, '2019-11-12 00:00:00', 8),
(129, 19, '2019-11-12 00:00:00', 7),
(2, 17, '2019-11-12 00:00:00', 9),
(93, 10, '2019-11-12 00:00:00', 7),
(48, 10, '2019-11-12 00:00:00', 8),
(43, 10, '2019-11-12 00:00:00', 5),
(14, 10, '2019-11-12 00:00:00', 7),
(129, 10, '2019-11-12 00:00:00', 8),
(213, 14, '2019-11-12 00:00:00', 7),
(175, 14, '2019-11-12 00:00:00', 8),
(132, 16, '2019-11-12 00:00:00', 6),
(16, 16, '2019-11-12 00:00:00', 7),
(169, 16, '2019-11-12 00:00:00', 5),
(169, 17, '2019-11-12 00:00:00', 6),
(264, 17, '2019-11-12 00:00:00', 7),
(93, 17, '2019-11-12 00:00:00', 8),
(148, 17, '2019-11-12 00:00:00', 5),
(33, 17, '2019-11-12 00:00:00', 7),
(246, 18, '2019-11-12 00:00:00', 6),
(93, 18, '2019-11-12 00:00:00', 7),
(164, 18, '2019-11-12 00:00:00', 7),
(148, 18, '2019-11-12 00:00:00', 7),
(213, 19, '2019-11-12 00:00:00', 7),
(246, 19, '2019-11-12 00:00:00', 7),
(264, 19, '2019-11-12 00:00:00', 8),
(205, 19, '2019-11-12 00:00:00', 7),
(29, 10, '2019-10-21 00:00:00', 5),
(179, 10, '2019-10-27 00:00:00', 5),
(195, 10, '2019-10-27 00:00:00', 5),
(214, 11, '2019-10-27 00:00:00', 6),
(37, 11, '2019-10-23 00:00:00', 6),
(38, 11, '2019-10-23 00:00:00', 6),
(112, 11, '2019-10-25 00:00:00', 6),
(113, 11, '2019-10-25 00:00:00', 6),
(83, 11, '2019-10-25 00:00:00', 6),
(75, 11, '2019-10-25 00:00:00', 6),
(79, 11, '2019-10-25 00:00:00', 6),
(153, 11, '2019-10-27 00:00:00', 6),
(226, 11, '2019-10-27 00:00:00', 6),
(118, 11, '2019-10-25 00:00:00', 6),
(236, 11, '2019-10-29 00:00:00', 6),
(228, 11, '2019-10-27 00:00:00', 6),
(203, 11, '2019-10-27 00:00:00', 6),
(223, 11, '2019-10-27 00:00:00', 6),
(17, 11, '2019-10-23 00:00:00', 6),
(266, 11, '2019-10-29 00:00:00', 6),
(104, 11, '2019-10-25 00:00:00', 6),
(169, 11, '2019-10-27 00:00:00', 6),
(168, 11, '2019-10-27 00:00:00', 6),
(164, 11, '2019-10-27 00:00:00', 6),
(249, 11, '2019-10-29 00:00:00', 6),
(19, 11, '2019-10-23 00:00:00', 6),
(108, 11, '2019-10-25 00:00:00', 6),
(157, 11, '2019-10-27 00:00:00', 6),
(253, 11, '2019-10-29 00:00:00', 6),
(241, 11, '2019-10-29 00:00:00', 6),
(111, 12, '2019-10-25 00:00:00', 7),
(106, 12, '2019-10-25 00:00:00', 7),
(110, 12, '2019-10-25 00:00:00', 7),
(107, 12, '2019-10-25 00:00:00', 7),
(148, 12, '2019-10-27 00:00:00', 7),
(170, 12, '2019-10-27 00:00:00', 7),
(166, 12, '2019-10-27 00:00:00', 7),
(163, 12, '2019-10-27 00:00:00', 7),
(162, 12, '2019-10-27 00:00:00', 7),
(161, 12, '2019-10-27 00:00:00', 7),
(156, 12, '2019-10-27 00:00:00', 7),
(143, 12, '2019-10-27 00:00:00', 7),
(149, 12, '2019-10-27 00:00:00', 7),
(119, 12, '2019-10-25 00:00:00', 7),
(147, 12, '2019-10-27 00:00:00', 7),
(131, 12, '2019-10-27 00:00:00', 7),
(128, 12, '2019-10-25 00:00:00', 7),
(125, 12, '2019-10-25 00:00:00', 7),
(121, 12, '2019-10-25 00:00:00', 7),
(120, 12, '2019-10-25 00:00:00', 7),
(150, 12, '2019-10-27 00:00:00', 7),
(22, 12, '2019-10-23 00:00:00', 7),
(86, 12, '2019-10-25 00:00:00', 7),
(45, 12, '2019-10-25 00:00:00', 7),
(42, 12, '2019-10-25 00:00:00', 7),
(41, 12, '2019-10-23 00:00:00', 7),
(33, 12, '2019-10-23 00:00:00', 7),
(31, 12, '2019-10-23 00:00:00', 7),
(49, 12, '2019-10-25 00:00:00', 7),
(24, 12, '2019-10-23 00:00:00', 7),
(51, 12, '2019-10-25 00:00:00', 7),
(18, 12, '2019-10-23 00:00:00', 7),
(15, 12, '2019-10-23 00:00:00', 7),
(13, 12, '2019-10-23 00:00:00', 7),
(9, 12, '2019-10-23 00:00:00', 7),
(8, 12, '2019-10-23 00:00:00', 7),
(4, 12, '2019-10-23 00:00:00', 7),
(2, 12, '2019-10-23 00:00:00', 7),
(28, 12, '2019-10-23 00:00:00', 7),
(78, 12, '2019-10-25 00:00:00', 7),
(99, 12, '2019-10-25 00:00:00', 7),
(98, 12, '2019-10-25 00:00:00', 7),
(97, 12, '2019-10-25 00:00:00', 7),
(92, 12, '2019-10-25 00:00:00', 7),
(91, 12, '2019-10-25 00:00:00', 7),
(172, 12, '2019-10-27 00:00:00', 7),
(48, 12, '2019-10-25 00:00:00', 7),
(132, 12, '2019-10-27 00:00:00', 7),
(100, 12, '2019-10-25 00:00:00', 7),
(77, 12, '2019-10-25 00:00:00', 7),
(72, 12, '2019-10-25 00:00:00', 7),
(70, 12, '2019-10-25 00:00:00', 7),
(63, 12, '2019-10-25 00:00:00', 7),
(62, 12, '2019-10-25 00:00:00', 7),
(59, 12, '2019-10-25 00:00:00', 7),
(55, 12, '2019-10-25 00:00:00', 7),
(85, 12, '2019-10-25 00:00:00', 7),
(188, 12, '2019-10-27 00:00:00', 7),
(260, 12, '2019-10-29 00:00:00', 7),
(218, 12, '2019-10-27 00:00:00', 7),
(258, 12, '2019-10-29 00:00:00', 7),
(235, 12, '2019-10-29 00:00:00', 7),
(193, 12, '2019-10-27 00:00:00', 7),
(192, 12, '2019-10-27 00:00:00', 7),
(191, 12, '2019-10-27 00:00:00', 7),
(245, 12, '2019-10-29 00:00:00', 7),
(215, 12, '2019-10-27 00:00:00', 7),
(211, 12, '2019-10-27 00:00:00', 7),
(187, 12, '2019-10-27 00:00:00', 7),
(222, 12, '2019-10-27 00:00:00', 7),
(227, 12, '2019-10-27 00:00:00', 7),
(204, 12, '2019-10-27 00:00:00', 7),
(177, 12, '2019-10-27 00:00:00', 7),
(237, 12, '2019-10-29 00:00:00', 7),
(244, 12, '2019-10-29 00:00:00', 7),
(263, 12, '2019-10-29 00:00:00', 7),
(240, 12, '2019-10-29 00:00:00', 7),
(208, 12, '2019-10-27 00:00:00', 7),
(32, 13, '2019-10-23 00:00:00', 8),
(56, 13, '2019-10-25 00:00:00', 8),
(246, 13, '2019-10-29 00:00:00', 8),
(210, 13, '2019-10-27 00:00:00', 8),
(105, 13, '2019-10-25 00:00:00', 8),
(213, 13, '2019-10-27 00:00:00', 8),
(209, 13, '2019-10-27 00:00:00', 8),
(103, 13, '2019-10-25 00:00:00', 8),
(250, 13, '2019-10-29 00:00:00', 8),
(88, 13, '2019-10-25 00:00:00', 8),
(251, 13, '2019-10-29 00:00:00', 8),
(34, 13, '2019-10-23 00:00:00', 8),
(69, 13, '2019-10-25 00:00:00', 8),
(43, 13, '2019-10-25 00:00:00', 8),
(76, 13, '2019-10-25 00:00:00', 8),
(47, 13, '2019-10-25 00:00:00', 8),
(225, 13, '2019-10-27 00:00:00', 8),
(80, 13, '2019-10-25 00:00:00', 8),
(81, 13, '2019-10-25 00:00:00', 8),
(82, 13, '2019-10-25 00:00:00', 8),
(46, 13, '2019-10-25 00:00:00', 8),
(232, 13, '2019-10-29 00:00:00', 8),
(133, 13, '2019-10-27 00:00:00', 8),
(35, 13, '2019-10-23 00:00:00', 8),
(173, 13, '2019-10-27 00:00:00', 8),
(123, 13, '2019-10-25 00:00:00', 8),
(40, 13, '2019-10-23 00:00:00', 8),
(67, 13, '2019-10-25 00:00:00', 8),
(95, 13, '2019-10-25 00:00:00', 8),
(71, 13, '2019-10-25 00:00:00', 8),
(217, 13, '2019-10-27 00:00:00', 8),
(44, 13, '2019-10-25 00:00:00', 8),
(159, 13, '2019-10-27 00:00:00', 8),
(256, 13, '2019-10-29 00:00:00', 8),
(261, 13, '2019-10-29 00:00:00', 8),
(144, 13, '2019-10-27 00:00:00', 8),
(145, 13, '2019-10-27 00:00:00', 8),
(11, 13, '2019-10-23 00:00:00', 8),
(151, 13, '2019-10-27 00:00:00', 8),
(189, 13, '2019-10-27 00:00:00', 8),
(140, 13, '2019-10-27 00:00:00', 8),
(158, 13, '2019-10-27 00:00:00', 8),
(139, 13, '2019-10-27 00:00:00', 8),
(160, 13, '2019-10-27 00:00:00', 8),
(185, 13, '2019-10-27 00:00:00', 8),
(184, 13, '2019-10-27 00:00:00', 8),
(183, 13, '2019-10-27 00:00:00', 8),
(7, 13, '2019-10-23 00:00:00', 8),
(60, 13, '2019-10-25 00:00:00', 8),
(3, 13, '2019-10-23 00:00:00', 8),
(238, 13, '2019-10-29 00:00:00', 8),
(262, 13, '2019-10-29 00:00:00', 8),
(197, 13, '2019-10-27 00:00:00', 8),
(50, 13, '2019-10-25 00:00:00', 8),
(23, 13, '2019-10-23 00:00:00', 8),
(231, 13, '2019-10-29 00:00:00', 8),
(122, 13, '2019-10-25 00:00:00', 8),
(26, 13, '2019-10-23 00:00:00', 8),
(199, 13, '2019-10-27 00:00:00', 8),
(142, 13, '2019-10-27 00:00:00', 8),
(126, 13, '2019-10-25 00:00:00', 8),
(117, 13, '2019-10-25 00:00:00', 8),
(129, 13, '2019-10-27 00:00:00', 8),
(257, 13, '2019-10-29 00:00:00', 8),
(234, 13, '2019-10-29 00:00:00', 8),
(267, 13, '2019-10-29 00:00:00', 8),
(134, 13, '2019-10-27 00:00:00', 8),
(16, 13, '2019-10-23 00:00:00', 8),
(136, 13, '2019-10-27 00:00:00', 8),
(137, 13, '2019-10-27 00:00:00', 8),
(239, 14, '2019-10-29 00:00:00', 9),
(54, 14, '2019-10-25 00:00:00', 9),
(52, 14, '2019-10-25 00:00:00', 9),
(21, 14, '2019-10-23 00:00:00', 9),
(265, 14, '2019-10-29 00:00:00', 9),
(264, 14, '2019-10-29 00:00:00', 9),
(5, 14, '2019-10-23 00:00:00', 9),
(6, 14, '2019-10-23 00:00:00', 9),
(12, 14, '2019-10-23 00:00:00', 9),
(252, 14, '2019-10-29 00:00:00', 9),
(20, 14, '2019-10-23 00:00:00', 9),
(243, 14, '2019-10-29 00:00:00', 9),
(255, 14, '2019-10-29 00:00:00', 9),
(25, 14, '2019-10-23 00:00:00', 9),
(254, 14, '2019-10-29 00:00:00', 9),
(30, 14, '2019-10-23 00:00:00', 9),
(248, 14, '2019-10-29 00:00:00', 9),
(247, 14, '2019-10-29 00:00:00', 9),
(259, 14, '2019-10-29 00:00:00', 9),
(196, 14, '2019-10-27 00:00:00', 9),
(212, 14, '2019-10-27 00:00:00', 9),
(57, 14, '2019-10-25 00:00:00', 9),
(206, 14, '2019-10-27 00:00:00', 9),
(115, 14, '2019-10-25 00:00:00', 9),
(116, 14, '2019-10-25 00:00:00', 9),
(202, 14, '2019-10-27 00:00:00', 9),
(200, 14, '2019-10-27 00:00:00', 9),
(124, 14, '2019-10-25 00:00:00', 9),
(102, 14, '2019-10-25 00:00:00', 9),
(1, 14, '2019-10-23 00:00:00', 9),
(207, 14, '2019-10-27 00:00:00', 9),
(135, 14, '2019-10-27 00:00:00', 9),
(194, 14, '2019-10-27 00:00:00', 9),
(146, 14, '2019-10-27 00:00:00', 9),
(190, 14, '2019-10-27 00:00:00', 9),
(155, 14, '2019-10-27 00:00:00', 9),
(181, 14, '2019-10-27 00:00:00', 9),
(167, 14, '2019-10-27 00:00:00', 9),
(180, 14, '2019-10-27 00:00:00', 9),
(127, 14, '2019-10-25 00:00:00', 9),
(224, 14, '2019-10-27 00:00:00', 9),
(58, 14, '2019-10-25 00:00:00', 9),
(114, 14, '2019-10-25 00:00:00', 9),
(229, 14, '2019-10-29 00:00:00', 9),
(101, 14, '2019-10-25 00:00:00', 9),
(221, 14, '2019-10-27 00:00:00', 9),
(89, 14, '2019-10-25 00:00:00', 9),
(90, 14, '2019-10-25 00:00:00', 9),
(94, 14, '2019-10-25 00:00:00', 9),
(96, 14, '2019-10-25 00:00:00', 9),
(220, 14, '2019-10-27 00:00:00', 9),
(73, 14, '2019-10-25 00:00:00', 9),
(233, 15, '2019-10-29 00:00:00', 10),
(175, 15, '2019-10-27 00:00:00', 10),
(171, 15, '2019-10-27 00:00:00', 10),
(178, 15, '2019-10-27 00:00:00', 10),
(216, 15, '2019-10-27 00:00:00', 10),
(61, 15, '2019-10-25 00:00:00', 10),
(53, 15, '2019-10-25 00:00:00', 10),
(182, 15, '2019-10-27 00:00:00', 10),
(64, 15, '2019-10-25 00:00:00', 10),
(66, 15, '2019-10-25 00:00:00', 10),
(138, 15, '2019-10-27 00:00:00', 10),
(109, 15, '2019-10-25 00:00:00', 10),
(130, 15, '2019-10-27 00:00:00', 10),
(84, 15, '2019-10-25 00:00:00', 10),
(87, 15, '2019-10-25 00:00:00', 10),
(219, 15, '2019-10-27 00:00:00', 10),
(201, 15, '2019-10-27 00:00:00', 10),
(65, 15, '2019-10-25 00:00:00', 10),
(90, 15, '2019-10-22 00:00:00', 5),
(101, 15, '2019-10-22 00:00:00', 5),
(21, 15, '2019-10-22 00:00:00', 5),
(73, 15, '2019-10-22 00:00:00', 5),
(181, 15, '2019-10-22 00:00:00', 5),
(180, 15, '2019-10-22 00:00:00', 5),
(146, 15, '2019-10-22 00:00:00', 5),
(57, 15, '2019-10-22 00:00:00', 5),
(30, 15, '2019-10-22 00:00:00', 5),
(167, 15, '2019-10-22 00:00:00', 5),
(89, 15, '2019-10-22 00:00:00', 5),
(155, 15, '2019-10-22 00:00:00', 5),
(194, 15, '2019-10-22 00:00:00', 5),
(265, 15, '2019-10-22 00:00:00', 5),
(196, 15, '2019-10-22 00:00:00', 5),
(1, 15, '2019-10-22 00:00:00', 5),
(54, 15, '2019-10-22 00:00:00', 5),
(135, 15, '2019-10-22 00:00:00', 5),
(94, 15, '2019-10-22 00:00:00', 5),
(127, 15, '2019-10-22 00:00:00', 5),
(124, 15, '2019-10-22 00:00:00', 5),
(116, 15, '2019-10-22 00:00:00', 5),
(115, 15, '2019-10-22 00:00:00', 5),
(114, 15, '2019-10-22 00:00:00', 5),
(96, 15, '2019-10-22 00:00:00', 5),
(102, 15, '2019-10-22 00:00:00', 5),
(52, 15, '2019-10-22 00:00:00', 5),
(221, 15, '2019-10-22 00:00:00', 5),
(264, 15, '2019-10-22 00:00:00', 5),
(259, 15, '2019-10-22 00:00:00', 5),
(255, 15, '2019-10-22 00:00:00', 5),
(254, 15, '2019-10-22 00:00:00', 5),
(252, 15, '2019-10-22 00:00:00', 5),
(248, 15, '2019-10-22 00:00:00', 5),
(247, 15, '2019-10-22 00:00:00', 5),
(243, 15, '2019-10-22 00:00:00', 5),
(5, 15, '2019-10-22 00:00:00', 5),
(239, 15, '2019-10-22 00:00:00', 5),
(6, 15, '2019-10-22 00:00:00', 5),
(190, 15, '2019-10-22 00:00:00', 5),
(224, 15, '2019-10-22 00:00:00', 5),
(212, 15, '2019-10-22 00:00:00', 5),
(20, 15, '2019-10-22 00:00:00', 5),
(200, 15, '2019-10-22 00:00:00', 5),
(58, 15, '2019-10-22 00:00:00', 5),
(202, 15, '2019-10-22 00:00:00', 5),
(12, 15, '2019-10-22 00:00:00', 5),
(229, 15, '2019-10-22 00:00:00', 5),
(207, 15, '2019-10-22 00:00:00', 5),
(25, 15, '2019-10-22 00:00:00', 5),
(220, 15, '2019-10-22 00:00:00', 5),
(206, 15, '2019-10-22 00:00:00', 5),
(84, 16, '2019-10-19 00:00:00', 6),
(66, 16, '2019-10-19 00:00:00', 6),
(64, 16, '2019-10-19 00:00:00', 6),
(87, 16, '2019-10-19 00:00:00', 6),
(65, 16, '2019-10-19 00:00:00', 6),
(109, 16, '2019-10-19 00:00:00', 6),
(130, 16, '2019-10-19 00:00:00', 6),
(138, 16, '2019-10-19 00:00:00', 6),
(53, 16, '2019-10-19 00:00:00', 6),
(171, 16, '2019-10-19 00:00:00', 6),
(61, 16, '2019-10-19 00:00:00', 6),
(178, 16, '2019-10-19 00:00:00', 6),
(182, 16, '2019-10-19 00:00:00', 6),
(201, 16, '2019-10-19 00:00:00', 6),
(216, 16, '2019-10-19 00:00:00', 6),
(219, 16, '2019-10-19 00:00:00', 6),
(233, 16, '2019-10-19 00:00:00', 6),
(175, 16, '2019-10-19 00:00:00', 6),
(39, 17, '2019-10-16 00:00:00', 7),
(242, 17, '2019-10-16 00:00:00', 7),
(152, 17, '2019-10-16 00:00:00', 7),
(205, 17, '2019-10-16 00:00:00', 7),
(141, 17, '2019-10-16 00:00:00', 7),
(68, 17, '2019-10-16 00:00:00', 7),
(27, 18, '2019-10-13 00:00:00', 8),
(230, 18, '2019-10-13 00:00:00', 8),
(10, 18, '2019-10-13 00:00:00', 8),
(14, 18, '2019-10-13 00:00:00', 8),
(176, 18, '2019-10-13 00:00:00', 8),
(174, 18, '2019-10-13 00:00:00', 8),
(36, 18, '2019-10-13 00:00:00', 8),
(165, 18, '2019-10-13 00:00:00', 8),
(154, 18, '2019-10-13 00:00:00', 8),
(93, 18, '2019-10-13 00:00:00', 8),
(74, 18, '2019-10-13 00:00:00', 8),
(186, 18, '2019-10-13 00:00:00', 8),
(198, 19, '2019-10-10 00:00:00', 9),
(267, 13, '2019-10-20 00:00:00', 5),
(246, 13, '2019-10-22 00:00:00', 5),
(245, 13, '2019-10-24 00:00:00', 5),
(244, 13, '2019-10-23 00:00:00', 5),
(243, 13, '2019-10-15 00:00:00', 5),
(242, 13, '2019-10-15 00:00:00', 5),
(241, 13, '2019-10-24 00:00:00', 5),
(240, 13, '2019-10-24 00:00:00', 5),
(247, 13, '2019-10-23 00:00:00', 5),
(238, 13, '2019-10-24 00:00:00', 5),
(237, 13, '2019-10-18 00:00:00', 5),
(236, 13, '2019-10-21 00:00:00', 5),
(234, 13, '2019-10-19 00:00:00', 5),
(233, 13, '2019-10-22 00:00:00', 5),
(232, 13, '2019-10-22 00:00:00', 5),
(231, 13, '2019-10-21 00:00:00', 5),
(230, 13, '2019-10-23 00:00:00', 5),
(229, 13, '2019-10-22 00:00:00', 5),
(239, 13, '2019-10-24 00:00:00', 5),
(262, 13, '2019-10-26 00:00:00', 5),
(235, 13, '2019-10-24 00:00:00', 5),
(248, 13, '2019-10-19 00:00:00', 5),
(266, 13, '2019-10-23 00:00:00', 5),
(265, 13, '2019-10-25 00:00:00', 5),
(263, 13, '2019-10-19 00:00:00', 5),
(261, 13, '2019-10-18 00:00:00', 5),
(260, 13, '2019-10-19 00:00:00', 5),
(259, 13, '2019-10-24 00:00:00', 5),
(258, 13, '2019-10-24 00:00:00', 5),
(250, 13, '2019-10-19 00:00:00', 5),
(256, 13, '2019-10-17 00:00:00', 5),
(255, 13, '2019-10-20 00:00:00', 5),
(254, 13, '2019-10-22 00:00:00', 5),
(253, 13, '2019-10-22 00:00:00', 5),
(252, 13, '2019-10-23 00:00:00', 5),
(251, 13, '2019-10-19 00:00:00', 5),
(257, 13, '2019-10-25 00:00:00', 5),
(264, 13, '2019-10-22 00:00:00', 5),
(249, 13, '2019-10-19 00:00:00', 5),
(164, 14, '2019-10-25 00:00:00', 6),
(163, 14, '2019-10-23 00:00:00', 6),
(162, 14, '2019-10-25 00:00:00', 6),
(161, 14, '2019-10-24 00:00:00', 6),
(160, 14, '2019-10-27 00:00:00', 6),
(159, 14, '2019-10-22 00:00:00', 6),
(158, 14, '', 6),
(156, 14, '2019-10-21 00:00:00', 6),
(165, 14, '2019-10-25 00:00:00', 6),
(176, 14, '2019-10-20 00:00:00', 6),
(155, 14, '2019-10-25 00:00:00', 6),
(157, 14, '2019-10-19 00:00:00', 6),
(166, 14, '2019-10-25 00:00:00', 6),
(167, 14, '2019-10-19 00:00:00', 6),
(168, 14, '2019-10-25 00:00:00', 6),
(169, 14, '2019-10-17 00:00:00', 6),
(170, 14, '2019-10-21 00:00:00', 6),
(171, 14, '2019-10-19 00:00:00', 6),
(172, 14, '2019-10-22 00:00:00', 6),
(173, 14, '2019-10-22 00:00:00', 6),
(175, 14, '2019-10-20 00:00:00', 6),
(177, 14, '2019-10-19 00:00:00', 6),
(154, 14, '2019-10-25 00:00:00', 6),
(174, 14, '2019-10-28 00:00:00', 6),
(142, 14, '2019-10-23 00:00:00', 6),
(129, 14, '2019-10-21 00:00:00', 6),
(130, 14, '2019-10-25 00:00:00', 6),
(131, 14, '2019-10-23 00:00:00', 6),
(132, 14, '2019-10-20 00:00:00', 6),
(135, 14, '2019-10-20 00:00:00', 6),
(134, 14, '2019-10-24 00:00:00', 6),
(178, 14, '2019-10-23 00:00:00', 6),
(137, 14, '2019-10-22 00:00:00', 6),
(138, 14, '2019-10-25 00:00:00', 6),
(139, 14, '2019-10-22 00:00:00', 6),
(136, 14, '2019-10-20 00:00:00', 6),
(141, 14, '2019-10-25 00:00:00', 6),
(153, 14, '2019-10-14 00:00:00', 6),
(143, 14, '2019-10-20 00:00:00', 6),
(144, 14, '2019-10-23 00:00:00', 6),
(145, 14, '2019-10-13 00:00:00', 6),
(146, 14, '2019-10-22 00:00:00', 6),
(147, 14, '2019-10-22 00:00:00', 6),
(148, 14, '2019-10-22 00:00:00', 6),
(149, 14, '2019-10-22 00:00:00', 6),
(150, 14, '2019-10-24 00:00:00', 6),
(151, 14, '2019-10-13 00:00:00', 6),
(152, 14, '2019-10-23 00:00:00', 6),
(140, 14, '2019-10-19 00:00:00', 6),
(218, 14, '2019-10-24 00:00:00', 6),
(206, 14, '2019-10-15 00:00:00', 6),
(207, 14, '2019-10-18 00:00:00', 6),
(208, 14, '2019-10-21 00:00:00', 6),
(209, 14, '2019-10-24 00:00:00', 6),
(210, 14, '2019-10-22 00:00:00', 6),
(211, 14, '2019-10-21 00:00:00', 6),
(212, 14, '2019-10-20 00:00:00', 6),
(213, 14, '2019-10-26 00:00:00', 6),
(214, 14, '2019-10-23 00:00:00', 6),
(215, 14, '2019-10-24 00:00:00', 6),
(205, 14, '2019-10-20 00:00:00', 6),
(217, 14, '2019-10-23 00:00:00', 6),
(225, 14, '2019-10-20 00:00:00', 6),
(219, 14, '2019-10-22 00:00:00', 6),
(220, 14, '2019-10-18 00:00:00', 6),
(221, 14, '2019-10-25 00:00:00', 6),
(222, 14, '2019-10-24 00:00:00', 6),
(223, 14, '2019-10-21 00:00:00', 6),
(224, 14, '2019-10-15 00:00:00', 6),
(226, 14, '2019-10-24 00:00:00', 6),
(227, 14, '2019-10-23 00:00:00', 6),
(228, 14, '2019-10-25 00:00:00', 6),
(179, 14, '2019-10-21 00:00:00', 6),
(133, 14, '2019-10-17 00:00:00', 6),
(216, 14, '2019-10-20 00:00:00', 6),
(183, 14, '2019-10-18 00:00:00', 6),
(204, 14, '2019-10-24 00:00:00', 6),
(181, 14, '2019-10-23 00:00:00', 6),
(180, 14, '2019-10-20 00:00:00', 6),
(182, 14, '2019-10-18 00:00:00', 6),
(184, 14, '2019-10-22 00:00:00', 6),
(185, 14, '2019-10-20 00:00:00', 6),
(186, 14, '2019-10-22 00:00:00', 6),
(187, 14, '2019-10-23 00:00:00', 6),
(188, 14, '2019-10-24 00:00:00', 6),
(189, 14, '2019-10-24 00:00:00', 6),
(190, 14, '2019-10-20 00:00:00', 6),
(191, 14, '2019-10-24 00:00:00', 6),
(203, 14, '2019-10-24 00:00:00', 6),
(201, 14, '2019-10-19 00:00:00', 6),
(202, 14, '', 6),
(192, 14, '2019-10-24 00:00:00', 6),
(199, 14, '2019-10-18 00:00:00', 6),
(200, 14, '2019-10-22 00:00:00', 6),
(198, 14, '2019-10-19 00:00:00', 6),
(197, 14, '2019-10-21 00:00:00', 6),
(196, 14, '2019-10-18 00:00:00', 6),
(195, 14, '2019-10-17 00:00:00', 6),
(194, 14, '2019-10-22 00:00:00', 6),
(193, 14, '2019-10-20 00:00:00', 6),
(72, 15, '2019-10-15 00:00:00', 7),
(71, 15, '2019-10-21 00:00:00', 7),
(70, 15, '2019-10-17 00:00:00', 7),
(73, 15, '2019-10-15 00:00:00', 7),
(69, 15, '2019-10-25 00:00:00', 7),
(74, 15, '2019-10-17 00:00:00', 7),
(67, 15, '2019-10-25 00:00:00', 7),
(66, 15, '2019-10-25 00:00:00', 7),
(65, 15, '2019-10-21 00:00:00', 7),
(68, 15, '2019-10-24 00:00:00', 7),
(75, 15, '2019-10-23 00:00:00', 7),
(76, 15, '2019-10-23 00:00:00', 7),
(77, 15, '2019-10-21 00:00:00', 7),
(82, 15, '2019-10-20 00:00:00', 7),
(79, 15, '2019-10-22 00:00:00', 7),
(80, 15, '2019-10-23 00:00:00', 7),
(81, 15, '2019-10-23 00:00:00', 7),
(64, 15, '2019-10-21 00:00:00', 7),
(51, 15, '2019-10-25 00:00:00', 7),
(83, 15, '2019-10-21 00:00:00', 7),
(78, 15, '2019-10-24 00:00:00', 7),
(42, 15, '2019-10-16 00:00:00', 7),
(91, 15, '2019-10-23 00:00:00', 7),
(84, 15, '2019-10-24 00:00:00', 7),
(43, 15, '2019-10-20 00:00:00', 7),
(44, 15, '2019-10-21 00:00:00', 7),
(45, 15, '2019-10-22 00:00:00', 7),
(46, 15, '2019-10-24 00:00:00', 7),
(47, 15, '2019-10-15 00:00:00', 7),
(48, 15, '2019-10-21 00:00:00', 7),
(49, 15, '2019-10-25 00:00:00', 7),
(53, 15, '2019-10-25 00:00:00', 7),
(52, 15, '2019-10-25 00:00:00', 7),
(63, 15, '2019-10-25 00:00:00', 7),
(54, 15, '2019-10-27 00:00:00', 7),
(55, 15, '2019-10-21 00:00:00', 7),
(56, 15, '2019-10-19 00:00:00', 7),
(57, 15, '2019-10-23 00:00:00', 7),
(58, 15, '2019-10-24 00:00:00', 7),
(59, 15, '2019-10-20 00:00:00', 7),
(60, 15, '2019-10-21 00:00:00', 7),
(61, 15, '2019-10-26 00:00:00', 7),
(62, 15, '2019-10-23 00:00:00', 7),
(50, 15, '2019-10-19 00:00:00', 7),
(121, 15, '2019-10-14 00:00:00', 7),
(110, 15, '2019-10-23 00:00:00', 7),
(111, 15, '2019-10-22 00:00:00', 7),
(112, 15, '2019-10-25 00:00:00', 7),
(113, 15, '2019-10-25 00:00:00', 7),
(114, 15, '2019-10-21 00:00:00', 7),
(115, 15, '2019-10-22 00:00:00', 7),
(116, 15, '2019-10-21 00:00:00', 7),
(128, 15, '2019-10-20 00:00:00', 7),
(109, 15, '2019-10-24 00:00:00', 7),
(120, 15, '2019-10-19 00:00:00', 7),
(117, 15, '2019-10-25 00:00:00', 7),
(122, 15, '2019-10-21 00:00:00', 7),
(123, 15, '2019-10-22 00:00:00', 7),
(124, 15, '2019-10-25 00:00:00', 7),
(125, 15, '2019-10-13 00:00:00', 7),
(126, 15, '2019-10-19 00:00:00', 7),
(127, 15, '2019-10-22 00:00:00', 7),
(85, 15, '2019-10-25 00:00:00', 7),
(89, 15, '2019-10-18 00:00:00', 7),
(118, 15, '2019-10-22 00:00:00', 7),
(87, 15, '2019-10-25 00:00:00', 7),
(119, 15, '2019-10-25 00:00:00', 7),
(86, 15, '2019-10-25 00:00:00', 7),
(108, 15, '2019-10-24 00:00:00', 7),
(88, 15, '2019-10-23 00:00:00', 7),
(90, 15, '2019-10-13 00:00:00', 7),
(92, 15, '2019-10-22 00:00:00', 7),
(93, 15, '2019-10-19 00:00:00', 7),
(94, 15, '2019-10-19 00:00:00', 7),
(95, 15, '2019-10-14 00:00:00', 7),
(96, 15, '2019-10-25 00:00:00', 7),
(97, 15, '2019-10-25 00:00:00', 7),
(106, 15, '2019-10-23 00:00:00', 7),
(107, 15, '2019-10-23 00:00:00', 7),
(105, 15, '2019-10-26 00:00:00', 7),
(104, 15, '2019-10-22 00:00:00', 7),
(103, 15, '2019-10-25 00:00:00', 7),
(102, 15, '2019-10-23 00:00:00', 7),
(101, 15, '2019-10-13 00:00:00', 7),
(100, 15, '2019-10-22 00:00:00', 7),
(99, 15, '2019-10-21 00:00:00', 7),
(98, 15, '2019-10-25 00:00:00', 7),
(6, 16, '2019-10-27 00:00:00', 8),
(12, 16, '2019-10-24 00:00:00', 8),
(19, 16, '2019-10-23 00:00:00', 8),
(18, 16, '2019-10-22 00:00:00', 8),
(17, 16, '2019-10-16 00:00:00', 8),
(16, 16, '2019-10-18 00:00:00', 8),
(15, 16, '2019-10-26 00:00:00', 8),
(14, 16, '2019-10-25 00:00:00', 8),
(13, 16, '2019-10-22 00:00:00', 8),
(20, 16, '2019-10-19 00:00:00', 8),
(11, 16, '2019-10-24 00:00:00', 8),
(10, 16, '2019-10-14 00:00:00', 8),
(9, 16, '2019-10-19 00:00:00', 8),
(2, 16, '2019-10-23 00:00:00', 8),
(7, 16, '2019-10-26 00:00:00', 8),
(21, 16, '2019-10-14 00:00:00', 8),
(5, 16, '2019-10-14 00:00:00', 8),
(4, 16, '2019-10-28 00:00:00', 8),
(3, 16, '2019-10-19 00:00:00', 8),
(8, 16, '2019-10-22 00:00:00', 8),
(31, 16, '2019-10-25 00:00:00', 8),
(1, 16, '2019-10-17 00:00:00', 8),
(40, 16, '2019-10-16 00:00:00', 8),
(39, 16, '2019-10-20 00:00:00', 8),
(38, 16, '2019-10-22 00:00:00', 8),
(37, 16, '2019-10-20 00:00:00', 8),
(36, 16, '2019-10-24 00:00:00', 8),
(35, 16, '2019-10-24 00:00:00', 8),
(34, 16, '2019-10-21 00:00:00', 8),
(41, 16, '2019-10-20 00:00:00', 8),
(32, 16, '2019-10-22 00:00:00', 8),
(22, 16, '2019-10-22 00:00:00', 8),
(30, 16, '2019-10-25 00:00:00', 8),
(28, 16, '2019-10-27 00:00:00', 8),
(27, 16, '2019-10-16 00:00:00', 8),
(26, 16, '2019-10-23 00:00:00', 8),
(25, 16, '2019-10-21 00:00:00', 8),
(24, 16, '2019-10-25 00:00:00', 8),
(23, 16, '2019-10-22 00:00:00', 8),
(33, 16, '2019-10-24 00:00:00', 8),
(29, 17, '2019-10-21 00:00:00', 9),
(233, 14, '2019-10-12 00:00:00', 8),
(267, 14, '2019-10-10 00:00:00', 10),
(229, 14, '2019-10-12 00:00:00', 8),
(230, 14, '2019-10-13 00:00:00', 7),
(232, 14, '2019-10-12 00:00:00', 8),
(235, 14, '2019-10-14 00:00:00', 6),
(236, 14, '2019-10-11 00:00:00', 9),
(238, 14, '2019-10-14 00:00:00', 6),
(239, 14, '2019-10-14 00:00:00', 6),
(240, 14, '2019-10-14 00:00:00', 6),
(241, 14, '2019-10-14 00:00:00', 6),
(244, 14, '2019-10-13 00:00:00', 7),
(245, 14, '2019-10-14 00:00:00', 6),
(262, 14, '2019-10-16 00:00:00', 4),
(231, 14, '2019-10-11 00:00:00', 9),
(246, 14, '2019-10-12 00:00:00', 8),
(265, 14, '2019-10-15 00:00:00', 5),
(264, 14, '2019-10-12 00:00:00', 8),
(266, 14, '2019-10-13 00:00:00', 7),
(259, 14, '2019-10-14 00:00:00', 6),
(252, 14, '2019-10-13 00:00:00', 7),
(257, 14, '2019-10-15 00:00:00', 5),
(255, 14, '2019-10-10 00:00:00', 10),
(254, 14, '2019-10-12 00:00:00', 8),
(253, 14, '2019-10-12 00:00:00', 8),
(23, 19, '2019-10-12 00:00:00', 8),
(52, 19, '2019-10-15 00:00:00', 5),
(132, 19, '2019-10-10 00:00:00', 10),
(64, 19, '2019-10-11 00:00:00', 9),
(63, 19, '2019-10-15 00:00:00', 5),
(62, 19, '2019-10-13 00:00:00', 7),
(61, 19, '2019-10-16 00:00:00', 4),
(60, 19, '2019-10-11 00:00:00', 9),
(59, 19, '2019-10-10 00:00:00', 10),
(58, 19, '2019-10-14 00:00:00', 6),
(57, 19, '2019-10-13 00:00:00', 7),
(55, 19, '2019-10-11 00:00:00', 9),
(35, 19, '2019-10-14 00:00:00', 6),
(53, 19, '2019-10-15 00:00:00', 5),
(36, 19, '2019-10-14 00:00:00', 6),
(51, 19, '2019-10-15 00:00:00', 5),
(49, 19, '2019-10-15 00:00:00', 5),
(48, 19, '2019-10-11 00:00:00', 9),
(46, 19, '2019-10-14 00:00:00', 6),
(45, 19, '2019-10-12 00:00:00', 8),
(44, 19, '2019-10-11 00:00:00', 9),
(43, 19, '2019-10-10 00:00:00', 10),
(41, 19, '2019-10-10 00:00:00', 10),
(39, 19, '2019-10-10 00:00:00', 10),
(38, 19, '2019-10-12 00:00:00', 8),
(66, 19, '2019-10-15 00:00:00', 5),
(54, 19, '2019-10-17 00:00:00', 3),
(214, 19, '2019-10-13 00:00:00', 7),
(228, 19, '2019-10-15 00:00:00', 5),
(227, 19, '2019-10-13 00:00:00', 7),
(226, 19, '2019-10-14 00:00:00', 6),
(225, 19, '2019-10-10 00:00:00', 10),
(223, 19, '2019-10-11 00:00:00', 9),
(222, 19, '2019-10-14 00:00:00', 6),
(221, 19, '2019-10-15 00:00:00', 5),
(219, 19, '2019-10-12 00:00:00', 8),
(218, 19, '2019-10-14 00:00:00', 6),
(217, 19, '2019-10-13 00:00:00', 7),
(197, 19, '2019-10-11 00:00:00', 9),
(215, 19, '2019-10-14 00:00:00', 6),
(231, 19, '2019-10-11 00:00:00', 9),
(213, 19, '2019-10-16 00:00:00', 4),
(212, 19, '2019-10-10 00:00:00', 10),
(211, 19, '2019-10-11 00:00:00', 9),
(210, 19, '2019-10-12 00:00:00', 8),
(209, 19, '2019-10-14 00:00:00', 6),
(208, 19, '2019-10-11 00:00:00', 9),
(205, 19, '2019-10-10 00:00:00', 10),
(204, 19, '2019-10-14 00:00:00', 6),
(203, 19, '2019-10-14 00:00:00', 6),
(130, 19, '2019-10-15 00:00:00', 5),
(216, 19, '2019-10-10 00:00:00', 10),
(246, 19, '2019-10-12 00:00:00', 8),
(266, 19, '2019-10-13 00:00:00', 7),
(265, 19, '2019-10-15 00:00:00', 5),
(264, 19, '2019-10-12 00:00:00', 8),
(262, 19, '2019-10-16 00:00:00', 4),
(259, 19, '2019-10-14 00:00:00', 6),
(258, 19, '2019-10-14 00:00:00', 6),
(257, 19, '2019-10-15 00:00:00', 5),
(255, 19, '2019-10-10 00:00:00', 10),
(254, 19, '2019-10-12 00:00:00', 8),
(253, 19, '2019-10-12 00:00:00', 8),
(229, 19, '2019-10-12 00:00:00', 8),
(247, 19, '2019-10-13 00:00:00', 7),
(230, 19, '2019-10-13 00:00:00', 7),
(245, 19, '2019-10-14 00:00:00', 6),
(244, 19, '2019-10-13 00:00:00', 7),
(241, 19, '2019-10-14 00:00:00', 6),
(240, 19, '2019-10-14 00:00:00', 6),
(239, 19, '2019-10-14 00:00:00', 6),
(238, 19, '2019-10-14 00:00:00', 6),
(236, 19, '2019-10-11 00:00:00', 9),
(235, 19, '2019-10-14 00:00:00', 6),
(233, 19, '2019-10-12 00:00:00', 8),
(232, 19, '2019-10-12 00:00:00', 8),
(194, 19, '2019-10-12 00:00:00', 8),
(252, 19, '2019-10-13 00:00:00', 7),
(144, 19, '2019-10-13 00:00:00', 7),
(161, 19, '2019-10-14 00:00:00', 6),
(160, 19, '2019-10-17 00:00:00', 3),
(159, 19, '2019-10-12 00:00:00', 8),
(156, 19, '2019-10-11 00:00:00', 9),
(155, 19, '2019-10-15 00:00:00', 5),
(154, 19, '2019-10-15 00:00:00', 5),
(152, 19, '2019-10-13 00:00:00', 7),
(150, 19, '2019-10-14 00:00:00', 6),
(149, 19, '2019-10-12 00:00:00', 8),
(148, 19, '2019-10-12 00:00:00', 8),
(200, 19, '2019-10-12 00:00:00', 8),
(146, 19, '2019-10-12 00:00:00', 8),
(164, 19, '2019-10-15 00:00:00', 5),
(143, 19, '2019-10-10 00:00:00', 10),
(142, 19, '2019-10-13 00:00:00', 7),
(141, 19, '2019-10-15 00:00:00', 5),
(139, 19, '2019-10-12 00:00:00', 8),
(138, 19, '2019-10-15 00:00:00', 5),
(137, 19, '2019-10-12 00:00:00', 8),
(136, 19, '2019-10-10 00:00:00', 10),
(135, 19, '2019-10-10 00:00:00', 10),
(134, 19, '2019-10-14 00:00:00', 6),
(267, 19, '2019-10-10 00:00:00', 10),
(147, 19, '2019-10-12 00:00:00', 8),
(179, 19, '2019-10-11 00:00:00', 9),
(193, 19, '2019-10-10 00:00:00', 10),
(192, 19, '2019-10-14 00:00:00', 6),
(191, 19, '2019-10-14 00:00:00', 6),
(190, 19, '2019-10-10 00:00:00', 10),
(189, 19, '2019-10-14 00:00:00', 6),
(188, 19, '2019-10-14 00:00:00', 6),
(187, 19, '2019-10-13 00:00:00', 7),
(186, 19, '2019-10-12 00:00:00', 8),
(185, 19, '2019-10-10 00:00:00', 10),
(184, 19, '2019-10-12 00:00:00', 8),
(162, 19, '2019-10-15 00:00:00', 5),
(180, 19, '2019-10-10 00:00:00', 10),
(163, 19, '2019-10-13 00:00:00', 7),
(178, 19, '2019-10-13 00:00:00', 7),
(176, 19, '2019-10-10 00:00:00', 10),
(175, 19, '2019-10-10 00:00:00', 10),
(174, 19, '2019-10-18 00:00:00', 2),
(173, 19, '2019-10-12 00:00:00', 8),
(172, 19, '2019-10-12 00:00:00', 8),
(170, 19, '2019-10-11 00:00:00', 9),
(168, 19, '2019-10-15 00:00:00', 5),
(166, 19, '2019-10-15 00:00:00', 5),
(165, 19, '2019-10-15 00:00:00', 5),
(131, 19, '2019-10-13 00:00:00', 7),
(181, 19, '2019-10-13 00:00:00', 7),
(99, 17, '2019-09-11 00:00:00', 2),
(70, 17, '2019-09-07 00:00:00', 6),
(71, 17, '2019-09-11 00:00:00', 2),
(72, 17, '2019-09-05 00:00:00', 8),
(73, 17, '2019-09-05 00:00:00', 8),
(74, 17, '2019-09-07 00:00:00', 6),
(77, 17, '2019-09-11 00:00:00', 2),
(82, 17, '2019-09-10 00:00:00', 3),
(83, 17, '2019-09-11 00:00:00', 2),
(89, 17, '2019-09-08 00:00:00', 5),
(90, 17, '2019-09-03 00:00:00', 10),
(93, 17, '2019-09-09 00:00:00', 4),
(1, 17, '2019-09-07 00:00:00', 6),
(95, 17, '2019-09-04 00:00:00', 9),
(60, 17, '2019-09-11 00:00:00', 2),
(101, 17, '2019-09-03 00:00:00', 10),
(114, 17, '2019-09-11 00:00:00', 2),
(116, 17, '2019-09-11 00:00:00', 2),
(120, 17, '2019-09-09 00:00:00', 4),
(121, 17, '2019-09-04 00:00:00', 9),
(122, 17, '2019-09-11 00:00:00', 2),
(125, 17, '2019-09-03 00:00:00', 10),
(126, 17, '2019-09-09 00:00:00', 4),
(128, 17, '2019-09-10 00:00:00', 3),
(129, 17, '2019-09-11 00:00:00', 2),
(132, 17, '2019-09-10 00:00:00', 3),
(94, 17, '2019-09-09 00:00:00', 4),
(39, 17, '2019-09-10 00:00:00', 3),
(3, 17, '2019-09-09 00:00:00', 4),
(5, 17, '2019-09-04 00:00:00', 9),
(9, 17, '2019-09-09 00:00:00', 4),
(10, 17, '2019-09-04 00:00:00', 9),
(16, 17, '2019-09-08 00:00:00', 5),
(17, 17, '2019-09-06 00:00:00', 7),
(20, 17, '2019-09-09 00:00:00', 4),
(21, 17, '2019-09-04 00:00:00', 9),
(25, 17, '2019-09-11 00:00:00', 2),
(27, 17, '2019-09-06 00:00:00', 7),
(29, 17, '2019-09-11 00:00:00', 2),
(83, 15, '2019-09-05 00:00:00', 4),
(82, 15, '2019-09-04 00:00:00', 5),
(81, 15, '2019-09-07 00:00:00', 2),
(80, 15, '2019-09-07 00:00:00', 2),
(79, 15, '2019-09-06 00:00:00', 3),
(77, 15, '2019-09-05 00:00:00', 4),
(76, 15, '2019-09-07 00:00:00', 2),
(75, 15, '2019-09-07 00:00:00', 2),
(91, 15, '2019-09-07 00:00:00', 2),
(126, 15, '2019-09-03 00:00:00', 6),
(1, 15, '2019-09-01 00:00:00', 8),
(137, 15, '2019-09-06 00:00:00', 3),
(136, 15, '2019-09-04 00:00:00', 5),
(135, 15, '2019-09-04 00:00:00', 5),
(133, 15, '2019-09-01 00:00:00', 8),
(132, 15, '2019-09-04 00:00:00', 5),
(131, 15, '2019-09-07 00:00:00', 2),
(129, 15, '2019-09-05 00:00:00', 4),
(106, 15, '2019-09-07 00:00:00', 2),
(127, 15, '2019-09-06 00:00:00', 3),
(72, 15, '2019-08-30 00:00:00', 10),
(123, 15, '2019-09-06 00:00:00', 3),
(122, 15, '2019-09-05 00:00:00', 4),
(120, 15, '2019-09-03 00:00:00', 6),
(118, 15, '2019-09-06 00:00:00', 3),
(116, 15, '2019-09-05 00:00:00', 4),
(115, 15, '2019-09-06 00:00:00', 3),
(114, 15, '2019-09-05 00:00:00', 4),
(111, 15, '2019-09-06 00:00:00', 3),
(128, 15, '2019-09-04 00:00:00', 5),
(19, 15, '2019-09-07 00:00:00', 2),
(37, 15, '2019-09-04 00:00:00', 5),
(34, 15, '2019-09-05 00:00:00', 4),
(32, 15, '2019-09-06 00:00:00', 3),
(29, 15, '2019-09-05 00:00:00', 4),
(27, 15, '2019-08-31 00:00:00', 9),
(26, 15, '2019-09-07 00:00:00', 2),
(25, 15, '2019-09-05 00:00:00', 4),
(23, 15, '2019-09-06 00:00:00', 3),
(74, 15, '2019-09-01 00:00:00', 8),
(20, 15, '2019-09-03 00:00:00', 6),
(40, 15, '2019-08-31 00:00:00', 9),
(18, 15, '2019-09-06 00:00:00', 3),
(17, 15, '2019-08-31 00:00:00', 9),
(16, 15, '2019-09-02 00:00:00', 7),
(13, 15, '2019-09-06 00:00:00', 3),
(9, 15, '2019-09-03 00:00:00', 6),
(8, 15, '2019-09-06 00:00:00', 3),
(3, 15, '2019-09-03 00:00:00', 6),
(2, 15, '2019-09-07 00:00:00', 2),
(22, 15, '2019-09-06 00:00:00', 3),
(55, 15, '2019-09-05 00:00:00', 4),
(142, 15, '2019-09-07 00:00:00', 2),
(71, 15, '2019-09-05 00:00:00', 4),
(70, 15, '2019-09-01 00:00:00', 8),
(65, 15, '2019-09-05 00:00:00', 4),
(64, 15, '2019-09-05 00:00:00', 4),
(62, 15, '2019-09-07 00:00:00', 2),
(60, 15, '2019-09-05 00:00:00', 4),
(59, 15, '2019-09-04 00:00:00', 5),
(38, 15, '2019-09-06 00:00:00', 3),
(56, 15, '2019-09-03 00:00:00', 6),
(39, 15, '2019-09-04 00:00:00', 5),
(50, 15, '2019-09-03 00:00:00', 6),
(48, 15, '2019-09-05 00:00:00', 4),
(47, 15, '2019-08-30 00:00:00', 10),
(45, 15, '2019-09-06 00:00:00', 3),
(44, 15, '2019-09-05 00:00:00', 4),
(43, 15, '2019-09-04 00:00:00', 5),
(42, 15, '2019-08-31 00:00:00', 9),
(41, 15, '2019-09-04 00:00:00', 5),
(73, 15, '2019-08-30 00:00:00', 10),
(57, 15, '2019-09-07 00:00:00', 2),
(220, 15, '2019-09-02 00:00:00', 7),
(139, 15, '2019-09-06 00:00:00', 3),
(233, 15, '2019-09-06 00:00:00', 3),
(232, 15, '2019-09-06 00:00:00', 3),
(231, 15, '2019-09-05 00:00:00', 4),
(230, 15, '2019-09-07 00:00:00', 2),
(229, 15, '2019-09-06 00:00:00', 3),
(227, 15, '2019-09-07 00:00:00', 2),
(225, 15, '2019-09-04 00:00:00', 5),
(236, 15, '2019-09-05 00:00:00', 4),
(223, 15, '2019-09-05 00:00:00', 4),
(237, 15, '2019-09-02 00:00:00', 7),
(219, 15, '2019-09-06 00:00:00', 3),
(217, 15, '2019-09-07 00:00:00', 2),
(216, 15, '2019-09-04 00:00:00', 5),
(214, 15, '2019-09-07 00:00:00', 2),
(212, 15, '2019-09-04 00:00:00', 5),
(211, 15, '2019-09-05 00:00:00', 4),
(210, 15, '2019-09-06 00:00:00', 3),
(208, 15, '2019-09-05 00:00:00', 4),
(224, 15, '2019-08-30 00:00:00', 10),
(251, 15, '2019-09-03 00:00:00', 6),
(266, 15, '2019-09-07 00:00:00', 2),
(264, 15, '2019-09-06 00:00:00', 3),
(263, 15, '2019-09-03 00:00:00', 6),
(261, 15, '2019-09-02 00:00:00', 7),
(260, 15, '2019-09-03 00:00:00', 6),
(256, 15, '2019-09-01 00:00:00', 8),
(255, 15, '2019-09-04 00:00:00', 5),
(254, 15, '2019-09-06 00:00:00', 3),
(234, 15, '2019-09-03 00:00:00', 6),
(252, 15, '2019-09-07 00:00:00', 2),
(205, 15, '2019-09-04 00:00:00', 5),
(250, 15, '2019-09-03 00:00:00', 6),
(249, 15, '2019-09-03 00:00:00', 6),
(248, 15, '2019-09-03 00:00:00', 6),
(247, 15, '2019-09-07 00:00:00', 2),
(246, 15, '2019-09-06 00:00:00', 3),
(244, 15, '2019-09-07 00:00:00', 2),
(243, 15, '2019-08-30 00:00:00', 10),
(242, 15, '2019-08-30 00:00:00', 10),
(253, 15, '2019-09-06 00:00:00', 3),
(157, 15, '2019-09-03 00:00:00', 6),
(176, 15, '2019-09-04 00:00:00', 5),
(175, 15, '2019-09-04 00:00:00', 5),
(173, 15, '2019-09-06 00:00:00', 3),
(172, 15, '2019-09-06 00:00:00', 3),
(171, 15, '2019-09-03 00:00:00', 6),
(170, 15, '2019-09-05 00:00:00', 4),
(169, 15, '2019-09-01 00:00:00', 8),
(167, 15, '2019-09-03 00:00:00', 6),
(207, 15, '2019-09-02 00:00:00', 7),
(159, 15, '2019-09-06 00:00:00', 3),
(179, 15, '2019-09-05 00:00:00', 4),
(156, 15, '2019-09-05 00:00:00', 4),
(152, 15, '2019-09-07 00:00:00', 2),
(149, 15, '2019-09-06 00:00:00', 3),
(148, 15, '2019-09-06 00:00:00', 3),
(147, 15, '2019-09-06 00:00:00', 3),
(146, 15, '2019-09-06 00:00:00', 3),
(144, 15, '2019-09-07 00:00:00', 2),
(143, 15, '2019-09-04 00:00:00', 5),
(163, 15, '2019-09-07 00:00:00', 2),
(190, 15, '2019-09-04 00:00:00', 5),
(267, 15, '2019-09-04 00:00:00', 5),
(201, 15, '2019-09-03 00:00:00', 6),
(200, 15, '2019-09-06 00:00:00', 3),
(199, 15, '2019-09-02 00:00:00', 7),
(198, 15, '2019-09-03 00:00:00', 6),
(197, 15, '2019-09-05 00:00:00', 4),
(196, 15, '2019-09-02 00:00:00', 7),
(195, 15, '2019-09-01 00:00:00', 8),
(177, 15, '2019-09-03 00:00:00', 6),
(193, 15, '2019-09-04 00:00:00', 5),
(178, 15, '2019-09-07 00:00:00', 2),
(187, 15, '2019-09-07 00:00:00', 2),
(186, 15, '2019-09-06 00:00:00', 3),
(185, 15, '2019-09-04 00:00:00', 5),
(184, 15, '2019-09-06 00:00:00', 3),
(183, 15, '2019-09-02 00:00:00', 7),
(182, 15, '2019-09-02 00:00:00', 7),
(181, 15, '2019-09-07 00:00:00', 2),
(180, 15, '2019-09-04 00:00:00', 5),
(206, 15, '2019-08-30 00:00:00', 10),
(194, 15, '2019-09-06 00:00:00', 3),
(121, 14, '2019-09-13 00:00:00', 8),
(1, 14, '2019-09-16 00:00:00', 5),
(74, 14, '2019-09-16 00:00:00', 5),
(82, 14, '2019-09-19 00:00:00', 2),
(89, 14, '2019-09-17 00:00:00', 4),
(90, 14, '2019-09-12 00:00:00', 9),
(93, 14, '2019-09-18 00:00:00', 3),
(94, 14, '2019-09-18 00:00:00', 3),
(95, 14, '2019-09-13 00:00:00', 8),
(72, 14, '2019-09-14 00:00:00', 7),
(10, 18, '2019-10-02 00:00:00', 2),
(5, 18, '2019-10-02 00:00:00', 2),
(101, 18, '2019-10-03 00:00:00', 6),
(5, 18, '2019-10-04 00:00:00', 5),
(10, 18, '2019-10-04 00:00:00', 5),
(17, 18, '2019-10-06 00:00:00', 3),
(21, 18, '2019-10-04 00:00:00', 5),
(27, 18, '2019-10-06 00:00:00', 3),
(40, 18, '2019-10-06 00:00:00', 3),
(42, 18, '2019-10-06 00:00:00', 3),
(47, 18, '2019-10-05 00:00:00', 4),
(70, 18, '2019-10-07 00:00:00', 2),
(72, 18, '2019-10-05 00:00:00', 4),
(73, 18, '2019-10-05 00:00:00', 4),
(74, 18, '2019-10-07 00:00:00', 2),
(1, 18, '2019-10-07 00:00:00', 2),
(95, 18, '2019-10-04 00:00:00', 5),
(256, 18, '2019-10-07 00:00:00', 2),
(121, 18, '2019-10-04 00:00:00', 5),
(125, 18, '2019-10-03 00:00:00', 6),
(133, 18, '2019-10-07 00:00:00', 2),
(145, 18, '2019-10-03 00:00:00', 6),
(151, 18, '2019-10-03 00:00:00', 6),
(153, 18, '2019-10-04 00:00:00', 5),
(169, 18, '2019-10-07 00:00:00', 2),
(195, 18, '2019-10-07 00:00:00', 2),
(206, 18, '2019-10-05 00:00:00', 4),
(224, 18, '2019-10-05 00:00:00', 4),
(242, 18, '2019-10-05 00:00:00', 4),
(243, 18, '2019-10-05 00:00:00', 4),
(90, 18, '2019-10-03 00:00:00', 6),
(99, 18, '2019-10-15 00:00:00', 2),
(70, 18, '2019-10-11 00:00:00', 6),
(71, 18, '2019-10-15 00:00:00', 2),
(72, 18, '2019-10-09 00:00:00', 8),
(73, 18, '2019-10-09 00:00:00', 8),
(74, 18, '2019-10-11 00:00:00', 6),
(77, 18, '2019-10-15 00:00:00', 2),
(82, 18, '2019-10-14 00:00:00', 3),
(83, 18, '2019-10-15 00:00:00', 2),
(89, 18, '2019-10-12 00:00:00', 5),
(90, 18, '2019-10-07 00:00:00', 10),
(93, 18, '2019-10-13 00:00:00', 4),
(1, 18, '2019-10-11 00:00:00', 6),
(95, 18, '2019-10-08 00:00:00', 9),
(60, 18, '2019-10-15 00:00:00', 2),
(101, 18, '2019-10-07 00:00:00', 10),
(114, 18, '2019-10-15 00:00:00', 2),
(116, 18, '2019-10-15 00:00:00', 2),
(120, 18, '2019-10-13 00:00:00', 4),
(121, 18, '2019-10-08 00:00:00', 9),
(122, 18, '2019-10-15 00:00:00', 2),
(125, 18, '2019-10-07 00:00:00', 10),
(126, 18, '2019-10-13 00:00:00', 4),
(128, 18, '2019-10-14 00:00:00', 3),
(129, 18, '2019-10-15 00:00:00', 2),
(132, 18, '2019-10-14 00:00:00', 3),
(94, 18, '2019-10-13 00:00:00', 4),
(39, 18, '2019-10-14 00:00:00', 3),
(3, 18, '2019-10-13 00:00:00', 4),
(5, 18, '2019-10-08 00:00:00', 9),
(9, 18, '2019-10-13 00:00:00', 4),
(10, 18, '2019-10-08 00:00:00', 9),
(16, 18, '2019-10-12 00:00:00', 5),
(17, 18, '2019-10-10 00:00:00', 7),
(20, 18, '2019-10-13 00:00:00', 4),
(21, 18, '2019-10-08 00:00:00', 9),
(25, 18, '2019-10-15 00:00:00', 2),
(27, 18, '2019-10-10 00:00:00', 7),
(29, 18, '2019-10-15 00:00:00', 2),
(65, 18, '2019-10-15 00:00:00', 2),
(37, 18, '2019-10-14 00:00:00', 3),
(64, 18, '2019-10-15 00:00:00', 2),
(40, 18, '2019-10-10 00:00:00', 7),
(41, 18, '2019-10-14 00:00:00', 3),
(42, 18, '2019-10-10 00:00:00', 7),
(43, 18, '2019-10-14 00:00:00', 3),
(44, 18, '2019-10-15 00:00:00', 2),
(47, 18, '2019-10-09 00:00:00', 8),
(48, 18, '2019-10-15 00:00:00', 2),
(50, 18, '2019-10-13 00:00:00', 4),
(55, 18, '2019-10-15 00:00:00', 2),
(56, 18, '2019-10-13 00:00:00', 4),
(59, 18, '2019-10-14 00:00:00', 3),
(258, 14, '2019-10-14 00:00:00', 6),
(247, 14, '2019-10-13 00:00:00', 7),
(164, 15, '2019-10-15 00:00:00', 5),
(163, 15, '2019-10-13 00:00:00', 7),
(162, 15, '2019-10-15 00:00:00', 5),
(161, 15, '2019-10-14 00:00:00', 6),
(156, 15, '2019-10-11 00:00:00', 9),
(159, 15, '2019-10-12 00:00:00', 8),
(165, 15, '2019-10-15 00:00:00', 5),
(155, 15, '2019-10-15 00:00:00', 5),
(160, 15, '2019-10-17 00:00:00', 3),
(166, 15, '2019-10-15 00:00:00', 5),
(168, 15, '2019-10-15 00:00:00', 5),
(170, 15, '2019-10-11 00:00:00', 9),
(172, 15, '2019-10-12 00:00:00', 8),
(173, 15, '2019-10-12 00:00:00', 8),
(175, 15, '2019-10-10 00:00:00', 10),
(176, 15, '2019-10-10 00:00:00', 10),
(154, 15, '2019-10-15 00:00:00', 5),
(135, 15, '2019-10-10 00:00:00', 10),
(174, 15, '2019-10-18 00:00:00', 2),
(142, 15, '2019-10-13 00:00:00', 7),
(129, 15, '2019-10-11 00:00:00', 9),
(131, 15, '2019-10-13 00:00:00', 7),
(134, 15, '2019-10-14 00:00:00', 6),
(132, 15, '2019-10-10 00:00:00', 10),
(136, 15, '2019-10-10 00:00:00', 10),
(178, 15, '2019-10-13 00:00:00', 7),
(138, 15, '2019-10-15 00:00:00', 5),
(137, 15, '2019-10-12 00:00:00', 8),
(141, 15, '2019-10-15 00:00:00', 5),
(152, 15, '2019-10-13 00:00:00', 7),
(143, 15, '2019-10-10 00:00:00', 10),
(144, 15, '2019-10-13 00:00:00', 7),
(146, 15, '2019-10-12 00:00:00', 8),
(147, 15, '2019-10-12 00:00:00', 8),
(148, 15, '2019-10-12 00:00:00', 8),
(149, 15, '2019-10-12 00:00:00', 8),
(150, 15, '2019-10-14 00:00:00', 6),
(139, 15, '2019-10-12 00:00:00', 8),
(219, 15, '2019-10-12 00:00:00', 8),
(210, 15, '2019-10-12 00:00:00', 8),
(211, 15, '2019-10-11 00:00:00', 9),
(212, 15, '2019-10-10 00:00:00', 10),
(213, 15, '2019-10-16 00:00:00', 4),
(214, 15, '2019-10-13 00:00:00', 7),
(215, 15, '2019-10-14 00:00:00', 6),
(216, 15, '2019-10-10 00:00:00', 10),
(209, 15, '2019-10-14 00:00:00', 6),
(218, 15, '2019-10-14 00:00:00', 6),
(227, 15, '2019-10-13 00:00:00', 7),
(221, 15, '2019-10-15 00:00:00', 5),
(222, 15, '2019-10-14 00:00:00', 6),
(223, 15, '2019-10-11 00:00:00', 9),
(225, 15, '2019-10-10 00:00:00', 10),
(226, 15, '2019-10-14 00:00:00', 6),
(228, 15, '2019-10-15 00:00:00', 5),
(179, 15, '2019-10-11 00:00:00', 9),
(130, 15, '2019-10-15 00:00:00', 5),
(217, 15, '2019-10-13 00:00:00', 7),
(188, 15, '2019-10-14 00:00:00', 6),
(181, 15, '2019-10-13 00:00:00', 7),
(180, 15, '2019-10-10 00:00:00', 10),
(185, 15, '2019-10-10 00:00:00', 10),
(208, 15, '2019-10-11 00:00:00', 9),
(187, 15, '2019-10-13 00:00:00', 7),
(184, 15, '2019-10-12 00:00:00', 8),
(189, 15, '2019-10-14 00:00:00', 6),
(190, 15, '2019-10-10 00:00:00', 10),
(192, 15, '2019-10-14 00:00:00', 6),
(193, 15, '2019-10-10 00:00:00', 10),
(194, 15, '2019-10-12 00:00:00', 8),
(197, 15, '2019-10-11 00:00:00', 9),
(200, 15, '2019-10-12 00:00:00', 8),
(203, 15, '2019-10-14 00:00:00', 6),
(191, 15, '2019-10-14 00:00:00', 6),
(186, 15, '2019-10-12 00:00:00', 8),
(204, 15, '2019-10-14 00:00:00', 6),
(205, 15, '2019-10-10 00:00:00', 10),
(65, 16, '2019-10-11 00:00:00', 9),
(75, 16, '2019-10-13 00:00:00', 7),
(71, 16, '2019-10-11 00:00:00', 9),
(69, 16, '2019-10-15 00:00:00', 5),
(68, 16, '2019-10-14 00:00:00', 6),
(66, 16, '2019-10-15 00:00:00', 5),
(67, 16, '2019-10-15 00:00:00', 5),
(76, 16, '2019-10-13 00:00:00', 7),
(77, 16, '2019-10-11 00:00:00', 9),
(78, 16, '2019-10-14 00:00:00', 6),
(79, 16, '2019-10-12 00:00:00', 8),
(80, 16, '2019-10-13 00:00:00', 7),
(64, 16, '2019-10-11 00:00:00', 9),
(82, 16, '2019-10-10 00:00:00', 10),
(53, 16, '2019-10-15 00:00:00', 5),
(81, 16, '2019-10-13 00:00:00', 7),
(54, 16, '2019-10-17 00:00:00', 3),
(91, 16, '2019-10-13 00:00:00', 7),
(83, 16, '2019-10-11 00:00:00', 9),
(44, 16, '2019-10-11 00:00:00', 9),
(45, 16, '2019-10-12 00:00:00', 8),
(46, 16, '2019-10-14 00:00:00', 6),
(48, 16, '2019-10-11 00:00:00', 9),
(49, 16, '2019-10-15 00:00:00', 5),
(55, 16, '2019-10-11 00:00:00', 9),
(52, 16, '2019-10-15 00:00:00', 5),
(63, 16, '2019-10-15 00:00:00', 5),
(43, 16, '2019-10-10 00:00:00', 10),
(57, 16, '2019-10-13 00:00:00', 7),
(58, 16, '2019-10-14 00:00:00', 6),
(59, 16, '2019-10-10 00:00:00', 10),
(60, 16, '2019-10-11 00:00:00', 9),
(61, 16, '2019-10-16 00:00:00', 4),
(62, 16, '2019-10-13 00:00:00', 7),
(51, 16, '2019-10-15 00:00:00', 5),
(119, 16, '2019-10-15 00:00:00', 5),
(111, 16, '2019-10-12 00:00:00', 8),
(112, 16, '2019-10-15 00:00:00', 5),
(113, 16, '2019-10-15 00:00:00', 5),
(114, 16, '2019-10-11 00:00:00', 9),
(115, 16, '2019-10-12 00:00:00', 8),
(116, 16, '2019-10-11 00:00:00', 9),
(110, 16, '2019-10-13 00:00:00', 7),
(118, 16, '2019-10-12 00:00:00', 8),
(127, 16, '2019-10-12 00:00:00', 8),
(122, 16, '2019-10-11 00:00:00', 9),
(123, 16, '2019-10-12 00:00:00', 8),
(124, 16, '2019-10-15 00:00:00', 5),
(84, 16, '2019-10-14 00:00:00', 6),
(128, 16, '2019-10-10 00:00:00', 10),
(87, 16, '2019-10-15 00:00:00', 5),
(117, 16, '2019-10-15 00:00:00', 5),
(86, 16, '2019-10-15 00:00:00', 5),
(109, 16, '2019-10-14 00:00:00', 6),
(85, 16, '2019-10-15 00:00:00', 5),
(88, 16, '2019-10-13 00:00:00', 7),
(92, 16, '2019-10-12 00:00:00', 8),
(96, 16, '2019-10-15 00:00:00', 5),
(97, 16, '2019-10-15 00:00:00', 5),
(98, 16, '2019-10-15 00:00:00', 5),
(99, 16, '2019-10-11 00:00:00', 9),
(102, 16, '2019-10-13 00:00:00', 7),
(103, 16, '2019-10-15 00:00:00', 5),
(104, 16, '2019-10-12 00:00:00', 8),
(105, 16, '2019-10-16 00:00:00', 4),
(106, 16, '2019-10-13 00:00:00', 7),
(107, 16, '2019-10-13 00:00:00', 7),
(100, 16, '2019-10-12 00:00:00', 8),
(108, 16, '2019-10-14 00:00:00', 6),
(7, 17, '2019-10-16 00:00:00', 4),
(23, 17, '2019-10-12 00:00:00', 8),
(22, 17, '2019-10-12 00:00:00', 8),
(19, 17, '2019-10-13 00:00:00', 7),
(18, 17, '2019-10-12 00:00:00', 8),
(15, 17, '2019-10-16 00:00:00', 4),
(14, 17, '2019-10-15 00:00:00', 5),
(13, 17, '2019-10-12 00:00:00', 8),
(12, 17, '2019-10-14 00:00:00', 6),
(4, 17, '2019-10-18 00:00:00', 2),
(8, 17, '2019-10-12 00:00:00', 8),
(6, 17, '2019-10-17 00:00:00', 3),
(24, 17, '2019-10-15 00:00:00', 5),
(35, 17, '2019-10-14 00:00:00', 6),
(11, 17, '2019-10-14 00:00:00', 6),
(25, 17, '2019-10-11 00:00:00', 9),
(26, 17, '2019-10-13 00:00:00', 7),
(28, 17, '2019-10-17 00:00:00', 3),
(30, 17, '2019-10-15 00:00:00', 5),
(31, 17, '2019-10-15 00:00:00', 5),
(32, 17, '2019-10-12 00:00:00', 8),
(2, 17, '2019-10-13 00:00:00', 7),
(34, 17, '2019-10-11 00:00:00', 9),
(36, 17, '2019-10-14 00:00:00', 6),
(37, 17, '2019-10-10 00:00:00', 10),
(38, 17, '2019-10-12 00:00:00', 8),
(39, 17, '2019-10-10 00:00:00', 10),
(41, 17, '2019-10-10 00:00:00', 10),
(33, 17, '2019-10-14 00:00:00', 6),
(29, 18, '2019-10-11 00:00:00', 9),
(82, 19, '2019-10-10 00:00:00', 10),
(2, 19, '2019-10-13 00:00:00', 7),
(98, 19, '2019-10-15 00:00:00', 5),
(97, 19, '2019-10-15 00:00:00', 5),
(96, 19, '2019-10-15 00:00:00', 5),
(92, 19, '2019-10-12 00:00:00', 8),
(91, 19, '2019-10-13 00:00:00', 7),
(88, 19, '2019-10-13 00:00:00', 7),
(87, 19, '2019-10-15 00:00:00', 5),
(86, 19, '2019-10-15 00:00:00', 5),
(85, 19, '2019-10-15 00:00:00', 5),
(100, 19, '2019-10-12 00:00:00', 8),
(83, 19, '2019-10-11 00:00:00', 9),
(102, 19, '2019-10-13 00:00:00', 7),
(81, 19, '2019-10-13 00:00:00', 7),
(80, 19, '2019-10-13 00:00:00', 7),
(79, 19, '2019-10-12 00:00:00', 8),
(78, 19, '2019-10-14 00:00:00', 6),
(77, 19, '2019-10-11 00:00:00', 9),
(76, 19, '2019-10-13 00:00:00', 7),
(75, 19, '2019-10-13 00:00:00', 7),
(71, 19, '2019-10-11 00:00:00', 9),
(69, 19, '2019-10-15 00:00:00', 5),
(68, 19, '2019-10-14 00:00:00', 6),
(84, 19, '2019-10-14 00:00:00', 6),
(113, 19, '2019-10-15 00:00:00', 5),
(129, 19, '2019-10-11 00:00:00', 9),
(128, 19, '2019-10-10 00:00:00', 10),
(127, 19, '2019-10-12 00:00:00', 8),
(124, 19, '2019-10-15 00:00:00', 5),
(123, 19, '2019-10-12 00:00:00', 8),
(122, 19, '2019-10-11 00:00:00', 9),
(119, 19, '2019-10-15 00:00:00', 5),
(118, 19, '2019-10-12 00:00:00', 8),
(117, 19, '2019-10-15 00:00:00', 5),
(116, 19, '2019-10-11 00:00:00', 9),
(99, 19, '2019-10-11 00:00:00', 9),
(114, 19, '2019-10-11 00:00:00', 9),
(65, 19, '2019-10-11 00:00:00', 9),
(112, 19, '2019-10-15 00:00:00', 5),
(111, 19, '2019-10-12 00:00:00', 8),
(110, 19, '2019-10-13 00:00:00', 7),
(109, 19, '2019-10-14 00:00:00', 6),
(108, 19, '2019-10-14 00:00:00', 6),
(107, 19, '2019-10-13 00:00:00', 7),
(106, 19, '2019-10-13 00:00:00', 7),
(105, 19, '2019-10-16 00:00:00', 4),
(104, 19, '2019-10-12 00:00:00', 8),
(103, 19, '2019-10-15 00:00:00', 5),
(115, 19, '2019-10-12 00:00:00', 8),
(19, 19, '2019-10-13 00:00:00', 7),
(34, 19, '2019-10-11 00:00:00', 9),
(33, 19, '2019-10-14 00:00:00', 6),
(32, 19, '2019-10-12 00:00:00', 8),
(31, 19, '2019-10-15 00:00:00', 5),
(30, 19, '2019-10-15 00:00:00', 5),
(29, 19, '2019-10-11 00:00:00', 9),
(28, 19, '2019-10-17 00:00:00', 3),
(26, 19, '2019-10-13 00:00:00', 7),
(25, 19, '2019-10-11 00:00:00', 9),
(24, 19, '2019-10-15 00:00:00', 5),
(67, 19, '2019-10-15 00:00:00', 5),
(22, 19, '2019-10-12 00:00:00', 8),
(37, 19, '2019-10-10 00:00:00', 10),
(18, 19, '2019-10-12 00:00:00', 8),
(15, 19, '2019-10-16 00:00:00', 4),
(14, 19, '2019-10-15 00:00:00', 5),
(13, 19, '2019-10-12 00:00:00', 8),
(12, 19, '2019-10-14 00:00:00', 6),
(11, 19, '2019-10-14 00:00:00', 6),
(8, 19, '2019-10-12 00:00:00', 8),
(7, 19, '2019-10-16 00:00:00', 4),
(6, 19, '2019-10-17 00:00:00', 3),
(4, 19, '2019-10-18 00:00:00', 2),
(65, 17, '2019-09-11 00:00:00', 2),
(37, 17, '2019-09-10 00:00:00', 3),
(64, 17, '2019-09-11 00:00:00', 2),
(40, 17, '2019-09-06 00:00:00', 7),
(41, 17, '2019-09-10 00:00:00', 3),
(42, 17, '2019-09-06 00:00:00', 7),
(43, 17, '2019-09-10 00:00:00', 3),
(44, 17, '2019-09-11 00:00:00', 2),
(47, 17, '2019-09-05 00:00:00', 8),
(48, 17, '2019-09-11 00:00:00', 2),
(50, 17, '2019-09-09 00:00:00', 4),
(55, 17, '2019-09-11 00:00:00', 2),
(56, 17, '2019-09-09 00:00:00', 4),
(59, 17, '2019-09-10 00:00:00', 3),
(136, 17, '2019-09-10 00:00:00', 3),
(34, 17, '2019-09-11 00:00:00', 2),
(236, 17, '2019-09-11 00:00:00', 2),
(133, 17, '2019-09-07 00:00:00', 6),
(206, 17, '2019-09-05 00:00:00', 8),
(207, 17, '2019-09-08 00:00:00', 5),
(208, 17, '2019-09-11 00:00:00', 2),
(211, 17, '2019-09-11 00:00:00', 2),
(212, 17, '2019-09-10 00:00:00', 3),
(216, 17, '2019-09-10 00:00:00', 3),
(220, 17, '2019-09-08 00:00:00', 5),
(223, 17, '2019-09-11 00:00:00', 2),
(224, 17, '2019-09-05 00:00:00', 8),
(225, 17, '2019-09-10 00:00:00', 3),
(201, 17, '2019-09-09 00:00:00', 4),
(234, 17, '2019-09-09 00:00:00', 4),
(199, 17, '2019-09-08 00:00:00', 5),
(237, 17, '2019-09-08 00:00:00', 5),
(242, 17, '2019-09-05 00:00:00', 8),
(243, 17, '2019-09-05 00:00:00', 8),
(248, 17, '2019-09-09 00:00:00', 4),
(249, 17, '2019-09-09 00:00:00', 4);
INSERT INTO `Sekmes` (`ID_Skolens`, `ID_Stunda`, `Datums`, `Vertejums`) VALUES
(250, 17, '2019-09-09 00:00:00', 4),
(251, 17, '2019-09-09 00:00:00', 4),
(255, 17, '2019-09-10 00:00:00', 3),
(256, 17, '2019-09-07 00:00:00', 6),
(260, 17, '2019-09-09 00:00:00', 4),
(261, 17, '2019-09-08 00:00:00', 5),
(263, 17, '2019-09-09 00:00:00', 4),
(231, 17, '2019-09-11 00:00:00', 2),
(176, 17, '2019-09-10 00:00:00', 3),
(267, 17, '2019-09-10 00:00:00', 3),
(140, 17, '2019-09-09 00:00:00', 4),
(143, 17, '2019-09-10 00:00:00', 3),
(145, 17, '2019-09-03 00:00:00', 10),
(151, 17, '2019-09-03 00:00:00', 10),
(153, 17, '2019-09-04 00:00:00', 9),
(156, 17, '2019-09-11 00:00:00', 2),
(157, 17, '2019-09-09 00:00:00', 4),
(167, 17, '2019-09-09 00:00:00', 4),
(169, 17, '2019-09-07 00:00:00', 6),
(170, 17, '2019-09-11 00:00:00', 2),
(205, 17, '2019-09-10 00:00:00', 3),
(175, 17, '2019-09-10 00:00:00', 3),
(135, 17, '2019-09-10 00:00:00', 3),
(177, 17, '2019-09-09 00:00:00', 4),
(179, 17, '2019-09-11 00:00:00', 2),
(180, 17, '2019-09-10 00:00:00', 3),
(182, 17, '2019-09-08 00:00:00', 5),
(183, 17, '2019-09-08 00:00:00', 5),
(185, 17, '2019-09-10 00:00:00', 3),
(190, 17, '2019-09-10 00:00:00', 3),
(193, 17, '2019-09-10 00:00:00', 3),
(195, 17, '2019-09-07 00:00:00', 6),
(196, 17, '2019-09-08 00:00:00', 5),
(197, 17, '2019-09-11 00:00:00', 2),
(198, 17, '2019-09-09 00:00:00', 4),
(171, 17, '2019-09-09 00:00:00', 4),
(88, 15, '2019-09-07 00:00:00', 2),
(140, 15, '2019-09-03 00:00:00', 6),
(104, 15, '2019-09-06 00:00:00', 3),
(102, 15, '2019-09-07 00:00:00', 2),
(100, 15, '2019-09-06 00:00:00', 3),
(99, 15, '2019-09-05 00:00:00', 4),
(94, 15, '2019-09-03 00:00:00', 6),
(93, 15, '2019-09-03 00:00:00', 6),
(92, 15, '2019-09-06 00:00:00', 3),
(107, 15, '2019-09-07 00:00:00', 2),
(89, 15, '2019-09-02 00:00:00', 7),
(110, 15, '2019-09-07 00:00:00', 2),
(120, 14, '2019-09-18 00:00:00', 3),
(70, 14, '2019-09-16 00:00:00', 5),
(125, 14, '2019-09-12 00:00:00', 9),
(126, 14, '2019-09-18 00:00:00', 3),
(128, 14, '2019-09-19 00:00:00', 2),
(132, 14, '2019-09-19 00:00:00', 2),
(133, 14, '2019-09-16 00:00:00', 5),
(135, 14, '2019-09-19 00:00:00', 2),
(136, 14, '2019-09-19 00:00:00', 2),
(140, 14, '2019-09-18 00:00:00', 3),
(101, 14, '2019-09-12 00:00:00', 9),
(39, 14, '2019-09-19 00:00:00', 2),
(3, 14, '2019-09-18 00:00:00', 3),
(5, 14, '2019-09-13 00:00:00', 8),
(9, 14, '2019-09-18 00:00:00', 3),
(10, 14, '2019-09-13 00:00:00', 8),
(16, 14, '2019-09-17 00:00:00', 4),
(17, 14, '2019-09-15 00:00:00', 6),
(20, 14, '2019-09-18 00:00:00', 3),
(21, 14, '2019-09-13 00:00:00', 8),
(73, 14, '2019-09-14 00:00:00', 7),
(37, 14, '2019-09-19 00:00:00', 2),
(151, 14, '2019-09-12 00:00:00', 9),
(40, 14, '2019-09-15 00:00:00', 6),
(41, 14, '2019-09-19 00:00:00', 2),
(42, 14, '2019-09-15 00:00:00', 6),
(43, 14, '2019-09-19 00:00:00', 2),
(47, 14, '2019-09-14 00:00:00', 7),
(50, 14, '2019-09-18 00:00:00', 3),
(56, 14, '2019-09-18 00:00:00', 3),
(59, 14, '2019-09-19 00:00:00', 2),
(27, 14, '2019-09-15 00:00:00', 6),
(248, 14, '2019-09-18 00:00:00', 3),
(207, 14, '2019-09-17 00:00:00', 4),
(212, 14, '2019-09-19 00:00:00', 2),
(216, 14, '2019-09-19 00:00:00', 2),
(220, 14, '2019-09-17 00:00:00', 4),
(224, 14, '2019-09-14 00:00:00', 7),
(225, 14, '2019-09-19 00:00:00', 2),
(234, 14, '2019-09-18 00:00:00', 3),
(237, 14, '2019-09-17 00:00:00', 4),
(143, 14, '2019-09-19 00:00:00', 2),
(243, 14, '2019-09-14 00:00:00', 7),
(201, 14, '2019-09-18 00:00:00', 3),
(249, 14, '2019-09-18 00:00:00', 3),
(250, 14, '2019-09-18 00:00:00', 3),
(251, 14, '2019-09-18 00:00:00', 3),
(255, 14, '2019-09-19 00:00:00', 2),
(256, 14, '2019-09-16 00:00:00', 5),
(260, 14, '2019-09-18 00:00:00', 3),
(261, 14, '2019-09-17 00:00:00', 4),
(263, 14, '2019-09-18 00:00:00', 3),
(242, 14, '2019-09-14 00:00:00', 7),
(182, 14, '2019-09-17 00:00:00', 4),
(267, 14, '2019-09-19 00:00:00', 2),
(153, 14, '2019-09-13 00:00:00', 8),
(157, 14, '2019-09-18 00:00:00', 3),
(167, 14, '2019-09-18 00:00:00', 3),
(169, 14, '2019-09-16 00:00:00', 5),
(171, 14, '2019-09-18 00:00:00', 3),
(175, 14, '2019-09-19 00:00:00', 2),
(176, 14, '2019-09-19 00:00:00', 2),
(206, 14, '2019-09-14 00:00:00', 7),
(180, 14, '2019-09-19 00:00:00', 2),
(205, 14, '2019-09-19 00:00:00', 2),
(183, 14, '2019-09-17 00:00:00', 4),
(185, 14, '2019-09-19 00:00:00', 2),
(190, 14, '2019-09-19 00:00:00', 2),
(193, 14, '2019-09-19 00:00:00', 2),
(195, 14, '2019-09-16 00:00:00', 5),
(196, 14, '2019-09-17 00:00:00', 4),
(198, 14, '2019-09-18 00:00:00', 3),
(199, 14, '2019-09-17 00:00:00', 4),
(145, 14, '2019-09-12 00:00:00', 9),
(177, 14, '2019-09-18 00:00:00', 3),
(153, 18, '2019-10-02 00:00:00', 2),
(151, 18, '2019-10-01 00:00:00', 3),
(145, 18, '2019-10-01 00:00:00', 3),
(125, 18, '2019-10-01 00:00:00', 3),
(121, 18, '2019-10-02 00:00:00', 2),
(101, 18, '2019-10-01 00:00:00', 3),
(95, 18, '2019-10-02 00:00:00', 2),
(90, 18, '2019-10-01 00:00:00', 3),
(21, 18, '2019-10-02 00:00:00', 2),
(136, 18, '2019-10-14 00:00:00', 3),
(34, 18, '2019-10-15 00:00:00', 2),
(236, 18, '2019-10-15 00:00:00', 2),
(133, 18, '2019-10-11 00:00:00', 6),
(206, 18, '2019-10-09 00:00:00', 8),
(207, 18, '2019-10-12 00:00:00', 5),
(208, 18, '2019-10-15 00:00:00', 2),
(211, 18, '2019-10-15 00:00:00', 2),
(212, 18, '2019-10-14 00:00:00', 3),
(216, 18, '2019-10-14 00:00:00', 3),
(220, 18, '2019-10-12 00:00:00', 5),
(223, 18, '2019-10-15 00:00:00', 2),
(224, 18, '2019-10-09 00:00:00', 8),
(225, 18, '2019-10-14 00:00:00', 3),
(201, 18, '2019-10-13 00:00:00', 4),
(234, 18, '2019-10-13 00:00:00', 4),
(199, 18, '2019-10-12 00:00:00', 5),
(237, 18, '2019-10-12 00:00:00', 5),
(242, 18, '2019-10-09 00:00:00', 8),
(243, 18, '2019-10-09 00:00:00', 8),
(248, 18, '2019-10-13 00:00:00', 4),
(249, 18, '2019-10-13 00:00:00', 4),
(250, 18, '2019-10-13 00:00:00', 4),
(251, 18, '2019-10-13 00:00:00', 4),
(255, 18, '2019-10-14 00:00:00', 3),
(256, 18, '2019-10-11 00:00:00', 6),
(260, 18, '2019-10-13 00:00:00', 4),
(261, 18, '2019-10-12 00:00:00', 5),
(263, 18, '2019-10-13 00:00:00', 4),
(231, 18, '2019-10-15 00:00:00', 2),
(176, 18, '2019-10-14 00:00:00', 3),
(267, 18, '2019-10-14 00:00:00', 3),
(140, 18, '2019-10-13 00:00:00', 4),
(143, 18, '2019-10-14 00:00:00', 3),
(145, 18, '2019-10-07 00:00:00', 10),
(151, 18, '2019-10-07 00:00:00', 10),
(153, 18, '2019-10-08 00:00:00', 9),
(156, 18, '2019-10-15 00:00:00', 2),
(157, 18, '2019-10-13 00:00:00', 4),
(167, 18, '2019-10-13 00:00:00', 4),
(169, 18, '2019-10-11 00:00:00', 6),
(170, 18, '2019-10-15 00:00:00', 2),
(205, 18, '2019-10-14 00:00:00', 3),
(175, 18, '2019-10-14 00:00:00', 3),
(135, 18, '2019-10-14 00:00:00', 3),
(177, 18, '2019-10-13 00:00:00', 4),
(179, 18, '2019-10-15 00:00:00', 2),
(180, 18, '2019-10-14 00:00:00', 3),
(182, 18, '2019-10-12 00:00:00', 5),
(183, 18, '2019-10-12 00:00:00', 5),
(185, 18, '2019-10-14 00:00:00', 3),
(190, 18, '2019-10-14 00:00:00', 3),
(193, 18, '2019-10-14 00:00:00', 3),
(195, 18, '2019-10-11 00:00:00', 6),
(196, 18, '2019-10-12 00:00:00', 5),
(197, 18, '2019-10-15 00:00:00', 2),
(198, 18, '2019-10-13 00:00:00', 4),
(171, 18, '2019-10-13 00:00:00', 4);

-- --------------------------------------------------------

--
-- Структура таблицы `Skolens`
--

CREATE TABLE `Skolens` (
  `ID_Skolens` int(3) NOT NULL,
  `Vards` varchar(11) DEFAULT NULL,
  `Uzvards` varchar(11) DEFAULT NULL,
  `Dzimums` varchar(4) DEFAULT NULL,
  `ID_Klase` int(2) DEFAULT NULL,
  `Pers_kods` varchar(12) DEFAULT NULL,
  `Adrese` varchar(36) DEFAULT NULL,
  `Telefons` varchar(7) DEFAULT NULL,
  `Bernudarzs` varchar(17) DEFAULT NULL,
  `Piezimes` varchar(23) DEFAULT NULL
) ENGINE=InnoDB DEFAULT CHARSET=utf8mb3 ROW_FORMAT=COMPACT;

--
-- Дамп данных таблицы `Skolens`
--

INSERT INTO `Skolens` (`ID_Skolens`, `Vards`, `Uzvards`, `Dzimums`, `ID_Klase`, `Pers_kods`, `Adrese`, `Telefons`, `Bernudarzs`, `Piezimes`) VALUES
(1, 'Alfrēds', 'Imerfreijs', 'Vīr', 1, '260991-12707', 'Rīgā,S.ļulina ielā N 19-46', '7319182', 'True', ''),
(2, 'Anita', 'Eizenberga', 'Siev', 1, '241291-10122', 'Rīgā,P.Dauges N 23-3', '7653982', 'True', ''),
(3, 'Dzidra', 'Hudožilova', 'Siev', 1, '110791-12902', 'Rīgā,Meldru ielā N 20-38', '7318612', 'True', ''),
(4, 'Jānis', 'Mārtinsons', 'Vīr', 1, '270491-11861', 'Rīga,Meža N 37a', '7318782', 'True', ''),
(5, 'Valters', 'Gudermanis', 'Vīr', 1, '140391-10621', 'Rīgā,Bauskas ielā N 29 k.2-70', '', 'True', ''),
(6, 'Ingrīda', 'Malaševska', 'Siev', 1, '310390-10607', 'Rīgā,Zeļļu N 5-6', '7318872', 'False', ''),
(7, 'Marija', 'Mazaļevska', 'Siev', 1, '241091-12706', 'Rīgā,Auru N 7b-22', '7175094', 'True', ''),
(8, 'Jonas', 'Ļutkevičus', 'Vīr', 1, '181291-11811', 'Rīgā,Augstienes N 5-2', '7319593', 'True', ''),
(9, 'Oļegs', 'Gordijenko', 'Vīr', 1, '250891-10642', 'Rīgā,Bieziņa ielā N 9-41', '7319211', 'True', ''),
(10, 'Aleksandrs', 'Kuprjunins', 'Vīr', 1, '010791-10040', 'Jelgavas r.,Cenu p.,Kaktiņi', '7635424', 'True', ''),
(11, 'Regīna', 'Konovalova', 'Siev', 1, '120490-12601', 'Rīgā,A.čaka N.33-27', '7318552', 'True', ''),
(12, 'Gundega', 'Kudreņicka', 'Siev', 1, '120691-10682', 'Rīgā,Bieziņa N 9-41', '7319222', 'True', ''),
(13, 'Ivans', 'Grigorjevs', 'Vīr', 1, '260991-11816', 'Rīgā,Bauskas N 103-1b', '7319386', 'False', ''),
(14, 'lna Dzidra', 'Zvaigzneka', 'Siev', 1, '201091-12703', 'Rīgā,Dammes N 1-37', '7776964', 'True', ''),
(15, 'Inese', 'Jakubovska', 'Siev', 1, '080391-10603', 'Rīgā,Misas N 18-2', '', 'True', ''),
(16, 'Sofija', 'Ņevedomska', 'Siev', 1, '150691-11837', 'Rīgā,A.čaka ielā N.133-78', '7319371', 'True', ''),
(17, 'Ilze', 'Lukaševiča', 'Siev', 1, '070490-13136', 'Rīgā,Laboratorijas N 18-6/7', '7348962', 'False', ''),
(18, 'Jānis', 'Grundmanis', 'Vīr', 1, '100490-13105', 'Rīgā,Tallinas N 90-14', '7389682', 'True', 'No nelabvēlīgas ģimenes'),
(19, 'Ilma', 'Kuporosova', 'Siev', 1, '040391-13056', 'Rīgā,Zvaigžņu N 2-73', '7938252', 'False', ''),
(20, 'Astrīda', 'Martinsone', 'Siev', 1, '061090-11801', 'Rīgā,Lāčplēša N 48/50-24', '7318702', 'True', ''),
(21, 'Vaclavs', 'Ščurevskis', 'Vīr', 2, '101290-10724', 'Rīgā ,Varavīksnes gatvē N42-12', '7471602', 'True', ''),
(22, 'Jānis', 'Lukjanskis', 'Vīr', 1, '120291-12751', 'Rīgā,Malienas N 68-30', '2519192', 'True', ''),
(23, 'Dainis', 'Slengmanis', 'Vīr', 2, '160791-13123', 'Rīgā,Tallinas N 70-65', '7123352', 'False', ''),
(24, 'Anita', 'Urbanoviča', 'Siev', 2, '041290-13132', 'Rīgā,Meldru N 22-9', '', 'True', ''),
(25, 'Guntars', 'Smiltnieks', 'Vīr', 2, '111091-10916', 'Rīgā,Strēlnieku N 5-27', '7463322', 'True', ''),
(26, 'Andris', 'Ostrovskis', 'Vīr', 2, '120591-13128', 'Rīgā,Valdeíu N 63-37', '7396812', 'True', ''),
(27, 'Aleksandrs', 'Rumjancevs', 'Vīr', 2, '181290-12726', 'Rīgā,Jūrmales gatvē N 99-19', '2318912', 'True', ''),
(28, 'Māris', 'Zandovskis', 'Vīr', 2, '280991-11810', 'Rīgā,Lauku N 4-4', '2318682', 'False', ''),
(29, 'Eva', 'Skābarniece', 'Siev', 2, '100991-11810', 'Rīgā,ģertrūdas N 77-12', '7319602', 'True', ''),
(30, 'Sidneja', 'Šteinberga', 'Siev', 2, '210491-10124', 'Rīgā,Pudiía  N 3-2', '7318522', 'True', ''),
(31, 'Ivars', 'Kaklautiņš', 'Vīr', 2, '080391-12775', 'Rīgā,Aglonas N 4-1', '7318581', 'True', ''),
(32, 'Lilita', 'Kristovska', 'Siev', 2, '240591-10627', 'Rīgā,Paltmales N 21-1', '7319612', 'False', ''),
(33, 'žanna', 'Averjanova', 'Siev', 2, '110491-10468', 'Rīgā,M.Matīsa N 3-9', '2689732', 'False', ''),
(34, 'Janīna', 'Virkutiene', 'Siev', 2, '010591-11216', 'Rīgā,Valmieras N 15-16', '7626112', 'True', ''),
(35, 'Nauris', 'Katkovskis', 'Vīr', 2, '120691-13110', 'Rīgā,Lienes N 17-15', '7319492', 'False', ''),
(36, 'Aleksandrs', 'Dmitrijevs', 'Vīr', 2, '251191-13103', 'Rīgā,Lienes N 25-31', '7937152', 'True', ''),
(37, 'Jari', 'Hamalainen', 'Siev', 2, '100391-13105', 'Rīgā,Bruņinieku N 98-24', '7386181', 'True', ''),
(38, 'Inta', 'Mazkalniņa', 'Siev', 2, '120891-10312', 'Rīgā,ģertrūdas N 86-7', '7319142', 'False', ''),
(39, 'Vidmantas', 'čepļauskis', 'Vīr', 2, '210491-10312', 'Rīgā,Daugavpils N 23-12', '7484596', 'True', ''),
(40, 'Aigars', 'Kenstavičs', 'Vīr', 2, '120491-11567', 'Stopiņu Radiostacija N 1-13', '', 'False', ''),
(41, 'Agnis', 'Dzenovskis', 'Vīr', 3, '080791-10944', 'Rīgā,Rūpniecbas N 13-14', '7989982', 'False', ''),
(42, 'Ausma', 'Jēkabsone', 'Siev', 3, '060891-11571', 'Stopiņu Radiostacija N 1-13', '', 'True', ''),
(43, 'Guntis', 'Strazdiņš', 'Vīr', 2, '191191-12609', 'Rīgā,Sesku N 10,I k.-53', '7536422', 'True', ''),
(44, 'Dainis', 'Riekstinš', 'Vīr', 2, '011290-10709', 'Rīgā,Kr.Barona N 97-31', '7914142', 'False', ''),
(45, 'Diāna', 'Jurkēviča', 'Siev', 2, '120691-10714', 'Rīgā,Lačplēša N 27-30', '7319442', 'True', ''),
(46, 'Guntis', 'Smildziņš', 'Vīr', 3, '130591-10628', 'Rīgā,Lestenes N 8-5', '7367522', 'True', ''),
(47, 'Erlens', 'Skovārnis', 'Vīr', 3, '280391-10517', 'Rīgā,J.Sudrabkalna b.N 30-24', '7165982', 'True', ''),
(48, 'Ēriks', 'Bukovskis', 'Vīr', 3, '120791-14501', 'Rīgā,Lomonosova N 7-59', '7684152', 'False', ''),
(49, 'Iveta', 'Gedrovica', 'Siev', 3, '071091-10542', 'Rīgā,Stūres N 5-25', '', 'True', ''),
(50, 'Ilmārs', 'Veismanis', 'Vīr', 3, '081290-10126', 'Rīgā,Maskavas N 279/I-63', '7552652', 'True', ''),
(51, 'Arnis', 'Birzgalis', 'Vīr', 3, '250891-12789', 'Rīgā,Klusā N 11-12', '7319002', 'True', ''),
(52, 'Smuidra', 'Ezergaile', 'Siev', 3, '111191-10537', 'Rīgā,Dāvida N 4-59', '', 'False', 'Grūti audzināms'),
(53, 'Gedemins', 'Lenčausks', 'Vīr', 3, '140991-10529', 'Rīgā,Nometņu N 3-1', '7242762', 'True', ''),
(54, 'Haralds', 'Beikmanis', 'Vīr', 3, '110291-10507', 'Rīgā,Meža N 12-2', '7565472', 'True', ''),
(55, 'Gunta', 'Fjodorova', 'Siev', 3, '281191-10672', 'Rīgā,Lielirbes N 19-10', '7792592', 'True', ''),
(56, 'Mirdza', 'Grahoļska', 'Siev', 3, '130391-10151', 'Rīgā,Biíernieku N 220-51', '7319263', 'True', ''),
(57, 'Pēteris', 'Grīnvalds', 'Vīr', 3, '080291-10536', 'Rīgā,L.Laicēna N 4-1', '7319272', 'True', ''),
(58, 'Henriks', 'Ručinskis', 'Vīr', 3, '250891-10512', 'Rīgā,Slokas N 51-10', '7419022', 'False', ''),
(59, 'Juris', 'Pētersons', 'Vīr', 3, '010191-10539', 'Rīgā,Dzirciema N 7/2-20', '7740722', 'False', ''),
(60, 'ēvalds', 'Strumskis', 'Vīr', 3, '170991-10529', 'Rīgā,L.Laicēna N 7a-11', '7319552', 'True', ''),
(61, 'Raimonds', 'Spundzāns', 'Vīr', 3, '050191-10527', 'Rīgā,ērgeļu N 1-2', '', 'False', ''),
(62, 'Jānis', 'Pavlovičs', 'Vīr', 3, '101091-14456', 'Rīgā,Valmieras N 2-5', '7494852', 'True', ''),
(63, 'Juris', 'Freimanis', 'Vīr', 3, '271090-10520', 'Rīgā,Graudu N 39-3', '7820882', 'False', ''),
(64, 'Dzintars', 'Reihmanis', 'Vīr', 4, '260690-10123', 'Rīgā,Rūpniecības N 3-4', '2431962', 'True', ''),
(65, 'Vitālijs', 'Koškarovs', 'Vīr', 4, '280890-10608', 'Rīgā,Ceraukstes N 18-1', '7318974', 'True', ''),
(66, 'Kristīna', 'Šubrovska', 'Siev', 4, '150490-11813', 'Rīgā,Salnas N 9-91', '7318952', 'False', 'Brauc ekskursija'),
(67, 'Aivars', 'Sālzirnis', 'Vīr', 4, '090490-10303', 'Rīgā,Stopiņu N 3-1', '7319102', 'True', ''),
(68, 'Anatolijs', 'Ribjakovs', 'Vīr', 4, '180590-11820', 'Rīgā,Meríeļa N 3-13', '7319072', 'True', ''),
(69, 'Edvīns', 'Baldevāns', 'Vīr', 4, '040190-10505', 'Rīgā,Gobas N 25-10', '2644742', 'True', ''),
(70, 'Juris', 'Mucenieks', 'Vīr', 4, '160590-10141', 'Rīgā,Ilūkstes N 109-14 k.1', '', 'False', ''),
(71, 'Aivars', 'Pētersons', 'Vīr', 4, '280690-13114', 'Rīgā,Tērbatas N 82a-15', '7891892', 'True', ''),
(72, 'Elita', 'Buceniece', 'Siev', 4, '050290-10504', 'Rīgā,Daugavgrīvas N 132/I-70', '', 'False', ''),
(73, 'Rolands', 'Faušteins', 'Vīr', 4, '190690-10528', 'Rīgā,Daugavgrīvas N 132/I-70', '7319025', 'False', ''),
(74, 'Aleksandra', 'Rosickaja', 'Siev', 4, '030990-12376', 'Mārupē,k.iec.Mārupe N 3a-7', '7772311', 'False', ''),
(75, 'Erna', 'Grīnvalde', 'Siev', 4, '271090-10400', 'Rīgā,Maskavas 417-20', '', 'True', ''),
(76, 'Monika', 'Kleinhofa', 'Siev', 4, '250990-11052', 'Ogrē,Akmeņu N 50b-29', '7282001', 'True', ''),
(77, 'Ausma', 'Pomerance', 'Siev', 4, '150290-11808', 'Rīgā,Kr.Barona N 125-9', '2319052', 'True', ''),
(78, 'Iveta', 'Ezergaile', 'Siev', 4, '090690-10530', 'Rīgā,Elvīras N 9c-7', '', 'True', ''),
(79, 'Dace', 'Grīnvalde', 'Siev', 4, '131189-10900', 'Rīgā,Kalngales N 6-82', '7466442', 'True', ''),
(80, 'Janīna', 'Kalnciema', 'Siev', 4, '060390-12734', 'Rīgā,Imantas N 4a-88', '', 'True', ''),
(81, 'Jāzeps', 'Pukinskis', 'Vīr', 4, '181090-10317', 'Rīgā,Lačplēša N 51-7', '7319032', 'True', 'Brauc ekskursija'),
(82, 'Arvīds', 'Rušmainis', 'Vīr', 4, '300690-13106', 'Rīgā,Valmieras N 17-2/3', '7461542', 'True', ''),
(83, 'Oļga', 'Paškeviča', 'Siev', 4, '160190-10521', 'Rīgā,M.Nometņu N 11-36', '7965372', 'False', 'Brauc ekskursija'),
(84, 'Genādijs', 'Martinovs', 'Vīr', 1, '050391-10636', 'Rīgā,Prūšu N19/2-43', '7045372', 'True', ''),
(85, 'Astra', 'Kirsanova', 'Siev', 4, '300390-10519', 'Rīgā,Nometņu N 4-1', '7440162', 'True', 'Brauc ekskursija'),
(86, 'Jānis', 'Freibergs', 'Vīr', 4, '010690-12754', 'Rīgā,Klijānu N 3-1', '7845482', 'True', 'Brauc ekskursija'),
(87, 'Albertas', 'Stangvils', 'Vīr', 4, '031189-10529', 'Rīgā,Gobas N 25-10', '2319012', 'True', 'Brauc ekskursija'),
(88, 'Ainārs', 'Matvejevs', 'Vīr', 4, '140890-10511', 'Rīgā,Elvīras N 12-22', '7319042', 'True', 'Brauc ekskursija'),
(89, 'Edmunds', 'Linkevičs', 'Vīr', 5, '070790-10306', 'Rīgā,ģertrūdes N 69/71-61', '7318982', 'True', ''),
(90, 'Andrejs', 'Koršunovs', 'Vīr', 5, '200390-11596', 'Íekavas p.Valdlaučik.6.dz.96', '5618494', 'True', ''),
(91, 'Reino', 'Fjodorovs', 'Vīr', 5, '021090-11223', 'Rīgā,Slokas N 199-14', '7319062', 'True', ''),
(92, 'Māris', 'Avotnieks', 'Vīr', 5, '051289-11044', 'Ogrē,Turkalnes N 1a-5', '7319344', 'True', 'Daudzbērnu ģimene'),
(93, 'Broņislava', 'Andersone', 'Siev', 5, '240790-10122', 'Rīgā,Vaidavas N 2-28 k.1', '7319332', 'False', ''),
(94, 'Astrīda', 'Zihelmane', 'Siev', 5, '040890-10134', 'Rīgā,Biíernieku N 220-60', '', 'True', ''),
(95, 'Imants', 'Strazdiņš', 'Vīr', 5, '160390-11838', 'Rīgā,Vecmilgrāvis 1.līn.49-52', '', 'True', ''),
(96, 'Haralds', 'Prenclavs', 'Vīr', 5, '200290-12776', 'Rīgā,Klusā N 11-12', '7318992', 'True', ''),
(97, 'Leons', 'Kučinskis', 'Vīr', 5, '191190-11807', 'Rīgā,Salnas N 9-91', '7318962', 'True', ''),
(98, 'Ausma', 'Tardenaka', 'Siev', 5, '300990-11246', 'Rīgā,Rudens N 3-16', '7881202', 'False', ''),
(99, 'Inese', 'Grundmane', 'Siev', 5, '290190-12701', 'Rīgā,Valdeíu N 50/1-57', '2139672', 'True', ''),
(100, 'Andra', 'Paškovska', 'Siev', 4, '210990-10726', 'Rīgā,Mārcienas N 7-49', '7751252', 'True', 'Brauc ekskursija'),
(101, 'Rihards', 'Grīnvalds', 'Vīr', 5, '221289-10726', 'Rīgā,Kosmonautikas gatve 13-76', '7318852', 'True', ''),
(102, 'Ingrīda', 'Grīnberga', 'Siev', 4, '250290-10530', 'Rīgā,Kuldīgas N 50-7', '2318862', 'True', 'Brauc ekskursija'),
(103, 'Imants', 'Skirmanis', 'Vīr', 6, '221189-10656', 'Rīgā,Ormaņu N 27-5', '7319432', 'True', 'brauc ekskursijā'),
(104, 'Olga', 'Moisejeva', 'Siev', 4, '250490-10614', 'Rīgā,Bauskas N 187-68', '7688403', 'True', 'Brauc ekskursija'),
(105, 'ženija', 'Kuzņecova', 'Siev', 5, '300490-13108', 'Rīgā,Stūres 2a-14', '7319242', 'True', ''),
(106, 'Oļegs', 'Moisejevs', 'Vīr', 5, '070890-10422', 'Rīgā,Zilupes N 31-42', '7319322', 'True', ''),
(107, 'Arnis', 'Eihentāls', 'Vīr', 5, '020190-10415', 'Rīgā,Kanieru N 18-19', '', 'True', ''),
(108, 'Uģis', 'Grīnbergs', 'Vīr', 5, '190690-10154', 'Rīgā,Stirnu N 21-85', '7554462', 'True', ''),
(109, 'Laimdota', 'Dravniece', 'Siev', 5, '170990-11569', 'Mārupē,Zaļumnieki\'', '7168113', 'True', ''),
(110, 'Bruno', 'Balgalvis', 'Vīr', 5, '280990-13071', 'Rīgā,Blaumaņa N 9-81', '7916867', 'True', ''),
(111, 'Raisa', 'Ļaubonene', 'Siev', 6, '260589-10602', 'Rīgā,Bauskas N 187-34', '', 'True', 'brauc ekskursijā'),
(112, 'Olga', 'Kuročkina', 'Siev', 7, '230489-11216', 'Rīgā,Vagonu N 35-5', '', 'True', ''),
(113, 'Gita', 'Mickeviča', 'Siev', 5, '080289-13103', 'Rīgā,Vagonu N 35-7', '7319662', 'True', ''),
(114, 'Rūdolfs', 'Latvietis', 'Vīr', 6, '120689-12456', 'Rīgā,Brīvības N 305-17', '2059380', 'True', 'brauc ekskursijā'),
(115, 'Silvija', 'Lubjagina', 'Siev', 6, '071189-13116', 'Rīgā,Pērnavas N 35-30', '7517442', 'True', 'brauc ekskursijā'),
(116, 'Gundega', 'Lazdovska', 'Siev', 6, '171289-13056', 'Rīgā,Draunieku N 11-45', '7227608', 'True', 'brauc ekskursijā'),
(117, 'Aigars', 'Reikmanis', 'Vīr', 6, '200989-13073', 'Rīgā,Ružānu N 3-56', '7484682', 'True', 'brauc ekskursijā'),
(118, 'Elga', 'Grīnberga', 'Siev', 6, '030889-10119', 'Rīgā,Bauskas N 187-31', '', 'True', 'brauc ekskursijā'),
(119, 'Gatis', 'Kovarskis', 'Vīr', 6, '260689-13139', 'Rīgā,Matīsa N 63-5', '7992072', 'True', 'brauc ekskursijā'),
(120, 'Anita', 'Gvozdenko', 'Siev', 6, '080589-10411', 'Rīgā,Lokomotīves N 80-57', '7426122', 'True', 'brauc ekskursijā'),
(121, 'Egils', 'Veinbergs', 'Vīr', 6, '130889-12746', 'Rīgā,J.Sudrabkalna bulv.64-99', '7319252', 'True', 'brauc ekskursijā'),
(122, 'Edvīns', 'Cifersons', 'Vīr', 6, '020789-10127', 'Rīgā,Biíernieku N 9-37', '', 'True', 'brauc ekskursijā'),
(123, 'Andris', 'Putirskis', 'Vīr', 6, '060389-13116', 'Rīgā,Valmieras N 28-3', '', 'True', 'brauc ekskursijā'),
(124, 'Arnolds', 'Priedītis', 'Vīr', 6, '111289-10708', 'Rīgā,žagatu N 24-5', '7319512', 'True', 'brauc ekskursijā'),
(125, 'Elena', 'Riekstiņa', 'Siev', 6, '020189-10410', 'Rīgā,Salaspils N 18 k.4 dz.116', '2549132', 'True', 'brauc ekskursijā'),
(126, 'Kārlis', 'Burkevics', 'Vīr', 7, '240589-12750', 'Rīgā,Eizenšteina N 69-16', '7750612', 'True', ''),
(127, 'Silvija', 'Šidlovska', 'Siev', 6, '290889-10318', 'Rīgā,Pērnavas N 46-42', '7319302', 'True', 'brauc ekskursijā'),
(128, 'Liene', 'Lielbārde', 'Siev', 6, '180589-12753', 'Rīgā,Silciema N 15/1-78', '7764452', 'True', 'brauc ekskursijā'),
(129, 'Guntis', 'Zvaigzne', 'Vīr', 6, '100489-11231', 'Rīgā,Dzirciema N 25-57', '7099462', 'True', 'brauc ekskursijā'),
(130, 'Alevtīna', 'Narnicka', 'Siev', 6, '281289-10136', 'Rīgā,Pikola N 26-2', '7319392', 'True', 'brauc ekskursijā'),
(131, 'Ojārs', 'Pāvulāns', 'Vīr', 6, '110289-10334', 'Rīgā,Matīsa N 137-17', '', 'True', 'brauc ekskursijā'),
(132, 'ģirts', 'Bedrītis', 'Vīr', 7, '051089-11221', 'Rīgā,Praulienas N 14-57', '', 'True', ''),
(133, 'Marina', 'Dvoikina', 'Siev', 7, '101089-12711', 'Rīgā,Kurzemes pr.N 148-103', '7110032', 'True', ''),
(134, 'Edgars', 'Kubeckis', 'Vīr', 7, '180189-13109', 'Rīgā,A.čaka N 152-2', '', 'True', ''),
(135, 'Rolands', 'Škenders', 'Vīr', 7, '310589-10408', 'Rīgā,Aviācijas N 19-115', '', 'True', ''),
(136, 'Edvīns', 'Villauss', 'Vīr', 7, '020489-11212', 'Rīgā,Davgaupils N 38-10', '7055757', 'True', ''),
(137, 'Sandra', 'Matisāne', 'Siev', 7, '060789-10621', 'Rīgā,Bauskas N 187-31', '7319158', 'True', ''),
(138, 'Viesturs', 'Vimbulis', 'Vīr', 7, '170289-10680', 'Rīgā,Graudu N 54-2', '7547982', 'True', ''),
(139, 'Ainars', 'Škenders', 'Vīr', 7, '190989-10627', 'Rīgā,L.Laicēna N 29-1', '7396702', 'True', ''),
(140, 'Andris', 'Krieviņš', 'Vīr', 7, '311289-13109', 'Rīgā,Artilērijas N 73-33', '2318602', 'True', ''),
(141, 'Dainuvīte', 'Redberga', 'Siev', 8, '191189-10318', 'Rīgā,Salnas N 4-55', '7887562', 'False', ''),
(142, 'Biruta', 'Užkurele', 'Siev', 7, '021289-11831', 'Rīgā,A.čaka N 151-50', '7318651', 'True', ''),
(143, 'Jānis', 'Kukainis', 'Vīr', 7, '210689-11235', 'Rīgā,A.Deglava N 124-76', '', 'True', ''),
(144, 'Andris', 'Līvmanis', 'Vīr', 7, '310589-12751', 'Rīgā,Malienas N 3-43', '7886032', 'True', ''),
(145, 'Romāns', 'Pigarevs', 'Vīr', 7, '240689-11034', 'Ogres r.Lēdmanes p.Lejnieki-18', '7253513', 'True', ''),
(146, 'Arnolds', 'Kabriels', 'Vīr', 6, '150189-13128', 'Rīgā,Tallinas N 66-21', '7939692', 'True', 'brauc ekskursijā'),
(147, 'Andis', 'Krastiņš', 'Vīr', 7, '291289-10621', 'Rīgā,Ozolciema 18-289', '7687292', 'True', ''),
(148, 'Zenta', 'Auslande', 'Siev', 7, '190189-10318', 'Rīgā,Krāslovas N 34-4', '', 'True', ''),
(149, 'Ivars', 'Podnieks', 'Vīr', 7, '050989-10318', 'Rīgā,Valmieras N 6-13', '7230352', 'True', ''),
(150, 'Marks', 'Kazimovs', 'Vīr', 7, '120789-12766', 'Rīgā,Skolas N 13-17', '7885742', 'True', ''),
(151, 'Rudīte', 'Bendzule', 'Siev', 7, '050289-12078', 'Bauskas r.Iecavas p.Ozolu 1-11', '6498984', 'True', ''),
(152, 'Skaidrīte', 'Lukstiņa', 'Siev', 12, '151289-10436', 'Rīgā,Zilupes N 24-51', '7484102', 'True', ''),
(153, 'Inna', 'Dubovika', 'Siev', 12, '080289-11580', 'Rīgas r.Baldonē p.Sendienas', '', 'True', ''),
(154, 'Aleksandrs', 'Neiblats', 'Vīr', 12, '150389-11026', 'Ogrē,Skolas N 5-29', '', 'True', 'Skolā sen nav rādījies'),
(155, 'Mārtiņš', 'Rudzītis', 'Vīr', 12, '100189-10523', 'Rīgā,Vīlipa N 8-19', '7560222', 'True', ''),
(156, 'Anita', 'Plotkane', 'Siev', 12, '170689-13136', 'Rīgā,Praulienas N 2-67', '7319652', 'True', ''),
(157, 'Dace', 'Pigareva', 'Siev', 12, '061289-11014', 'Ogrē,Mālkalnes p.N 39-15', '7319634', 'True', ''),
(158, 'Vairis', 'Neimanis', 'Vīr', 12, '280689-10308', '', '7318821', 'True', ''),
(159, 'Guntra', 'Mariševa', 'Siev', 12, '061089-10311', 'Rīgā,Maskavas N 54-11', '7456852', 'True', ''),
(160, 'Andris', 'Gribusts', 'Vīr', 12, '070589-11005', 'Ogrē,Parka N 8-8', '7979725', 'False', 'Grūti audzināms'),
(161, 'Ojārs', 'Leimanis', 'Vīr', 12, '080189-11026', 'Ogrē,Vidus p. 16-37', '7343894', 'True', ''),
(162, 'Oļegs', 'Panarins', 'Vīr', 12, '051289-10119', 'Rīgā,Vaidavas 2-16', '7957092', 'True', 'Grūti audzināms'),
(163, 'Linda', 'Grantiņa', 'Siev', 12, '181189-10314', 'Rīgā,Lubānas N 14-84', '7987922', 'True', ''),
(164, 'Dins', 'Zuševics', 'Vīr', 12, '050389-11017', 'Ogrē,Tīnūžu N 10-4', '7868437', 'False', ''),
(165, 'Vladislavs', 'Gimanovs', 'Vīr', 12, '070589-10927', 'Rīgā,Emmas N 5-101', '7319842', 'True', ''),
(166, 'Agris', 'Herberts', 'Vīr', 12, '281189-11042', 'Rīgā,Vēja N 15-121', '', 'True', ''),
(167, 'Ernests', 'Šíupelis', 'Vīr', 12, '060589-10527', 'Rīgā,Valdeíu N 54-6 k.11', '', 'False', ''),
(168, 'Līga', 'Bukovska', 'Siev', 12, '151289-10628', 'Rīgā,Abavas N 18-4', '7765113', 'False', ''),
(169, 'Ilze', 'Auslande', 'Siev', 12, '220389-12711', 'Rīgā,J.Sudrabkalna N 64-99', '7318632', 'False', ''),
(170, 'Jānis', 'Neimanis', 'Vīr', 12, '100889-10709', 'Rīgā,Dzelzavas N 97-36', '', 'True', ''),
(171, 'Normunds', 'Lamberts', 'Vīr', 12, '070389-12708', 'Rīgā,Kurzemes p.N 106-34', '7467642', 'True', ''),
(172, 'Aldis', 'Zigmunds', 'Vīr', 12, '141188-13109', 'Rīgā,Tallinas N 66-46', '2531948', 'False', ''),
(173, 'Raivis', 'Jonikāns', 'Vīr', 8, '010388-13107', 'Rīgā,Tallinas N 66-20', '7319472', 'False', ''),
(174, 'Aleksandrs', 'Minakovs', 'Vīr', 8, '220288-10616', 'Rīgā,Sējas N 70', '7318542', 'True', ''),
(175, 'Vitālijs', 'Prudniks', 'Vīr', 8, '270388-11612', 'ādažu pag.Pirmā N 40-44', '5447121', 'True', ''),
(176, 'Miervaldis', 'Novickis', 'Vīr', 8, '160288-12775', 'Rīgā,Artilērijas N 8-24', '', 'True', ''),
(177, 'Jānis', 'Kirilovs', 'Vīr', 8, '110388-10410', 'Rīgā,Maskavas N 260/2-41', '', 'True', ''),
(178, 'Anželika', 'Romanova', 'Siev', 8, '260888-10724', 'Rīgā,Staiceles 19-27', '7362632', 'True', ''),
(179, 'Ivo', 'Lasmanis', 'Vīr', 8, '130288-11005', 'Ogrē,Mālkalnes N 29-77', '7373572', 'True', ''),
(180, 'Ingrīda', 'Škļarska', 'Siev', 8, '210188-10418', 'Rīgā,Aviācijas N 19-115', '7318805', 'False', ''),
(181, 'Sallija', 'Stinkure', 'Siev', 8, '150588-12058', 'Íegumā,Staru N 10-53', '2422664', 'True', ''),
(182, 'Georgijs', 'Knellers', 'Vīr', 8, '061188-12953', 'Salaspilī,Miera N 16/8-30', '', 'False', 'Grūti audzināms'),
(183, 'Guntis', 'Ceplītis', 'Vīr', 8, '070588-10617', 'Rīgā,Ozolciema N 12/2-139', '7930362', 'False', ''),
(184, 'Andris', 'Polmanis', 'Vīr', 8, '110888-10628', 'Rīgā,Bauskas N 134a-2', '7318717', 'True', ''),
(185, 'Gunita', 'Reikmane', 'Siev', 8, '070188-10346', 'Rīgā,Bruņinieku N 99-12', '7318672', 'True', ''),
(186, 'Aleksandrs', 'Ņikitins', 'Vīr', 9, '200888-10117', 'Rīgā,Vaidavas N 10-70', '2318942', 'True', ''),
(187, 'Artis', 'Smirnovs', 'Vīr', 8, '070188-12317', 'Vangaži,žukova N 6-3', '7991462', 'True', ''),
(188, 'Valts', 'Šalunovs', 'Vīr', 8, '121288-10113', 'Rīgā,Ieriíu N 37-69', '7319232', 'True', ''),
(189, 'Dainis', 'Dilevičs', 'Vīr', 8, '271288-10352', 'Rīgā,Aglonas N 27-2', '7318835', 'True', ''),
(190, 'Antanas', 'Kapočjus', 'Vīr', 8, '090188-10564', 'Rīgā,Dzirciema N 101-41', '7267512', 'True', ''),
(191, 'Olegs', 'Fedotovs', 'Vīr', 8, '300688-10407', 'Rīgā,Vairoga N 27-1', '', 'False', ''),
(192, 'Antra', 'Feldmane', 'Siev', 8, '120988-13106', 'Rīgā,Salnas N 9-102', '7318892', 'True', ''),
(193, 'Modra', 'Valdmane', 'Siev', 8, '050788-12151', 'Rīgā,Kurzemes pr.N 8-35', '7448082', 'True', ''),
(194, 'Ksenija', 'Kārkliņa', 'Siev', 8, '311088-10329', 'Rīgā,Maskavas N 88-2a', '7022082', 'True', ''),
(195, 'Eva', 'Janulene', 'Siev', 8, '130688-12916', 'Rīgā,Ziemeļblazmas N 53-72', '7318882', 'True', ''),
(196, 'Gundega', 'Kalniete', 'Siev', 8, '161188-11019', 'Ogres r.Ikšíilē Peldu N 3', '7318734', 'True', ''),
(197, 'Arvīds', 'Rudzītis', 'Vīr', 8, '010688-10728', 'Rīgā,Dzelzavas N 38-60', '7230399', 'True', ''),
(198, 'Konstantīns', 'Žvirblis', 'Vīr', 8, '010688-11241', 'Rīgā,Zvaigžņu N 21-37/38', '7390232', 'True', ''),
(199, 'Gunārs', 'Nicmanis', 'Vīr', 8, '150488-10702', 'Rīgā,D.Brantkalna N 11-54', '', 'True', ''),
(200, 'Andrejs', 'Šupelis', 'Vīr', 9, '090588-13114', 'Rīgā,Sparģeļu N 10-22', '7991552', 'False', ''),
(201, 'Dzintars', 'Rušmanis', 'Vīr', 9, '120188-10721', 'Rīgā,D.Brantkalna N 6-25', '7648891', 'False', 'Nepilna ģimene (māte)'),
(202, 'Roberts', 'Greitāns', 'Vīr', 9, '191287-10714', '', '7762701', 'True', ''),
(203, 'Guna', 'Cinkmane', 'Siev', 9, '060288-10726', 'Rīgā,Ieriíu N 37-74', '7454772', 'True', ''),
(204, 'Maija', 'Kalnišíe', 'Siev', 9, '081088-11218', 'Rīgā,Gaismas N 38-2', '7318532', 'True', ''),
(205, 'Valentīns', 'Arbidans', 'Vīr', 9, '130488-11844', 'Rīgā,Brīvības N 100-16a', '', 'True', ''),
(206, 'Benilda', 'Kapicina', 'Siev', 9, '241187-10136', 'Rīgā,Zemitāna laukumā N 10-3', '7318512', 'True', ''),
(207, 'Semions', 'Brūveris', 'Vīr', 9, '280588-11013', 'Ogres r.Ikšíilē,Peldu N 3', '7318742', 'True', ''),
(208, 'Agija', 'Kārklīte', 'Siev', 9, '060988-13110', 'Rīgā,Praulienas N 2-67', '7318642', 'True', ''),
(209, 'Vilmis', 'Ļesteris', 'Vīr', 9, '011088-13118', 'Rīgā,Matīsa N 119-6', '7318742', 'True', ''),
(210, 'Artūrs', 'Selickis', 'Vīr', 9, '040888-10533', 'Rīgā,Slokas N 179-115', '7318762', 'True', ''),
(211, 'Vanda', 'Jelovaja', 'Siev', 9, '281187-10102', 'Rīgā,Dzelzavas N 93-45', '', 'True', ''),
(212, 'Jolanta', 'Kapicina', 'Siev', 9, '300488-10702', 'Rīgā,D.Bratkalna N 2-23', '7034212', 'True', ''),
(213, 'Mārīte', 'Antonova', 'Siev', 9, '160488-11822', 'Rīgā,Dainas N 1-2', '', 'True', ''),
(214, 'Lina', 'Sokolova', 'Siev', 9, '150888-13118', 'Rīgā,Salnas N 28-106', '', 'True', ''),
(215, 'Jānis', 'Porietis', 'Vīr', 9, '090588-12764', 'Rīgā,Juglas N 49-72', '7750582', 'True', ''),
(216, 'Georgijs', 'Ignatovs', 'Vīr', 10, '221287-11503', 'Jūrmalā,Nomales N 13-19', '7881194', 'True', ''),
(217, 'Lūcija', 'Grundane', 'Siev', 10, '301187-11801', 'Rīgā,A.Kalniņa N 8-7', '', 'True', ''),
(218, 'Ilona', 'Veselova', 'Siev', 9, '210688-11232', 'Rīgā,Salnas N 9-107', '7319292', 'True', ''),
(219, 'Raimonds', 'Visockis', 'Vīr', 10, '011187-10648', 'Rīgā,Valdeíu N 61-100', '7318792', 'True', ''),
(220, 'Eduards', 'Dambergs', 'Vīr', 9, '160788-11506', 'Jūrmalā,Viktorijas N 13-3', '7318842', 'True', ''),
(221, 'Andrejs', 'Jonikāns', 'Vīr', 9, '271188-10834', 'Jūrmalā,Rīgas N 17', '7395333', 'False', ''),
(222, 'Maiga', 'Jureviča', 'Siev', 9, '310888-10306', 'Rīgā,Salnas N 7-132', '', 'False', ''),
(223, 'Dace', 'Daņilova', 'Siev', 9, '060488-11802', 'Rīgā,Jēkaba N 26/28-40', '2586442', 'False', ''),
(224, 'Ilgonis', 'Kārkliņš', 'Vīr', 9, '220488-11000', 'Ogres r.Mazozolu p.Tērciņi', '7424014', 'True', 'Daudzbērnu ģimene'),
(225, 'Maruta', 'Kabriele', 'Siev', 9, '241088-13115', 'Rīgā,Biíernieku N 49-55', '7318695', 'True', ''),
(226, 'Rita', 'Mateviča', 'Siev', 9, '050988-13120', 'Rīgā,Salnas N 7-108', '2390542', 'True', ''),
(227, 'Jānis', 'Kurmists', 'Vīr', 9, '130888-12900', 'Rīgā,Albatros N 18-5', '', 'True', ''),
(228, 'Aija', 'Zvirbule', 'Siev', 10, '091287-12716', 'Rīgā,Dammes N 1-22', '7139163', 'True', ''),
(229, 'Ingolds', 'Līcītis', 'Vīr', 9, '110888-10713', 'Rīgā,Nīcgales N 17-18', '7364242', 'True', ''),
(230, 'Aleksandrs', 'Bernāns', 'Vīr', 9, '190488-11234', 'Rīgā,Rītupes N 28-16', '', 'False', ''),
(231, 'Andris', 'Terlāns', 'Vīr', 10, '100787-11496', 'Jūrmala,Matildes N 3-1', '', 'False', ''),
(232, 'Edgars', 'Kalniņš', 'Vīr', 10, '300387-11821', 'Rīgā,Tērbatas N 38-12', '7099542', 'True', ''),
(233, 'Genādijs', 'Baikovs', 'Vīr', 10, '180587-10301', 'Rīgā,Zvaigžņu N 22-23', '7524532', 'True', ''),
(234, 'Gunārs', 'Putniņš', 'Vīr', 10, '160387-11834', 'Rīgā,Tērbatas N 33/35-34', '7319692', 'False', ''),
(235, 'Ginta', 'šnepste', 'Siev', 10, '280687-10308', 'Rīgā,Stabu N 90-33a', '7318822', 'True', ''),
(236, 'Vida', 'Streiča', 'Siev', 10, '080687-10147', 'Rīgā,Lielvārdes N 70-7', '7185992', 'True', ''),
(237, 'Inese', 'Kalpiņa', 'Siev', 10, '011286-10639', 'Rīgā,Maskavas N 285-I-114', '', 'False', ''),
(238, 'Dainis', 'Zeiļuks', 'Vīr', 10, '110987-10505', 'Rīgā,Slokas N 114-1', '', 'False', ''),
(239, 'Adolfas', 'Norkuss', 'Vīr', 10, '041286-10559', 'Rīgā,Ozolciema N 30', '', 'False', ''),
(240, 'Juris', 'Zanders', 'Vīr', 10, '051285-10139', 'Rīgā,Lilijas N 21-6', '', 'False', ''),
(241, 'Gita', 'Kukaine', 'Siev', 10, '270587-11002', 'Rīgā,Rēznes  N 7-22', '7569512', 'True', ''),
(242, 'Gunvaldis', 'Kalniņš', 'Vīr', 10, '201087-10715', 'Rīgā,Zvaigznāju gatvē N 5-31', '', 'True', ''),
(243, 'Andrejs', 'Bebrišs', 'Vīr', 10, '050787-10412', 'Rīgā,Maskavas N 250-11.k.-81', '2357512', 'False', ''),
(244, 'Edijs', 'Rupeiks', 'Vīr', 10, '201286-10126', 'Rīgā,Slokas N 107-11', '', 'True', ''),
(245, 'Jānis', 'Šīkulis', 'Vīr', 10, '010587-10579', 'Rīgā,Slokas N 51-10', '7259182', 'True', ''),
(246, 'Ilmārs', 'Ābelīte', 'Vīr', 10, '051286-10300', 'Rīgā,Lomonosova N 7-3', '', 'False', ''),
(247, 'Armands', 'Gipters', 'Vīr', 10, '080387-10435', 'Rīgā,Salnas N 20-201', '', 'False', ''),
(248, 'Andrejs', 'Saldavs', 'Vīr', 10, '290587-12700', 'Rīgā,Kurzemes pr.N 34-85', '7555722', 'True', ''),
(249, 'Nika', 'Lapteva', 'Siev', 10, '110387-10317', 'Rīgā,Bruņinieku N 147-10', '7942809', 'True', ''),
(250, 'Imants', 'Kļaviņš', 'Vīr', 10, '270487-11215', 'Rīgā,Rudens gatrē N 7-21', '7353152', 'True', ''),
(251, 'Gunārs', 'Naumovs', 'Vīr', 11, '061087-12317', 'Sigulda,Z.Paegles N 7-30', '7302/42', 'True', ''),
(252, 'Rolands', 'Sproģis', 'Vīr', 11, '271186-11534', 'Rīgā,Marijas N 10-3a', '', 'True', ''),
(253, 'Elga', 'Dāldere', 'Siev', 11, '180287-11837', 'Rīgā,Brīvības N 164-6', '7389979', 'True', ''),
(254, 'Jolanta', 'Dundure', 'Siev', 11, '010587-10126', 'Rīgā,Madlienas N 5-10', '7010892', 'True', ''),
(255, 'Ludmila', 'Zāgmane', 'Siev', 11, '120887-10382', 'Rīgā,Bruņinieku N 82-27', '', 'True', ''),
(256, 'Modris', 'Svītiņš', 'Vīr', 11, '091186-10404', 'Rīgā,Ed.Smiltēna N 22/3-52', '7422762', 'True', ''),
(257, 'Alfons', 'Volants', 'Vīr', 11, '140187-10318', 'Rīgā,Stabu N 93-29', '7623102', 'False', ''),
(258, 'Edīte', 'Bērziņa', 'Siev', 11, '231087-10321', 'Rīgā,Nākotnes N 3-5', '', 'True', ''),
(259, 'Alberts', 'Ivanovs', 'Vīr', 11, '161187-11223', 'Rīgā,Stabu N 23a-23', '7488542', 'True', 'Grūti audzināms'),
(260, 'Anita', 'Kļaviņa', 'Siev', 11, '021187-10310', 'Rīgā,Maskavas N 252/6-72', '7183582', 'True', ''),
(261, 'Antons', 'Vaivads', 'Vīr', 11, '040587-11294', 'Rīga,Stacijas laukums 2-1', '7511372', 'True', ''),
(262, 'Andris', 'Krīgers', 'Vīr', 11, '040287-10104', 'Rīgā,Cēsu N 13-12', '7629303', 'True', ''),
(263, 'Iveta', 'Tauriņa', 'Siev', 11, '120687-33133', 'Ogre,Dzelzceļnieku N 3-4', '', 'False', ''),
(264, 'Sandija', 'āboliņa', 'Siev', 11, '190687-11004', 'Ogrē,Mālkalnes N 9-24', '7253923', 'True', ''),
(265, 'Helmuts', 'Sproģis', 'Vīr', 11, '261087-10100', 'Rīgā,Ropažu N 41-5', '7602732', 'True', ''),
(266, 'Zita', 'Zeltiņa', 'Siev', 11, '230487-23243', 'Rīgā, A.Bieziņa N 4-6', '', 'True', 'Grūti audzināma'),
(267, 'Artūrs', 'Sprukts', 'Vīr', 11, '050987-11232', 'Rīgā, Ziebiekstes N 5-62', '7304422', 'True', '');

-- --------------------------------------------------------

--
-- Структура таблицы `Skolotajs`
--

CREATE TABLE `Skolotajs` (
  `ID_Skolotajs` int(2) NOT NULL,
  `Vards` varchar(8) DEFAULT NULL,
  `Uzvards` varchar(9) DEFAULT NULL,
  `Pamatpr` varchar(29) DEFAULT NULL,
  `Izglitiba` varchar(20) DEFAULT NULL,
  `Dzimums` varchar(4) DEFAULT NULL,
  `Pers_kods` varchar(12) DEFAULT NULL,
  `Adrese` varchar(33) DEFAULT NULL,
  `Telefons` varchar(8) DEFAULT NULL,
  `Piezimes` varchar(10) DEFAULT NULL
) ENGINE=InnoDB DEFAULT CHARSET=utf8mb3 ROW_FORMAT=COMPACT;

--
-- Дамп данных таблицы `Skolotajs`
--

INSERT INTO `Skolotajs` (`ID_Skolotajs`, `Vards`, `Uzvards`, `Pamatpr`, `Izglitiba`, `Dzimums`, `Pers_kods`, `Adrese`, `Telefons`, `Piezimes`) VALUES
(1, 'Ingrīda', 'štūla', 'Matemātika', 'Augstākā', 'Siev', '260967-12707', 'Rīgā, Tērbatas N 38-12', '7243712', ''),
(2, 'Aivars', 'Bukovskis', 'Latviešu valoda un literatūra', 'Augstākā', 'Vīr', '241255-10122', 'Rīgā, Tērbatas N 33/35-34', '7149443', ''),
(3, 'Egons', 'Pabērzs', 'Dziedāšana', 'Nepab. augstākā', 'Vīr', '110771-12902', 'Rīgas raj., Ķekava,Noras', '9748242', 'Puslodze'),
(4, 'Regīna', 'Balķēna', 'Dabas mācība', 'Augstākā pedagogiskā', 'Siev', '270467-11861', 'Rīgā, Brantkalna N 17-5', '7363723', ''),
(5, 'Gunta', 'Mežāks', 'Fiziskā audzināšana', 'Vidējā', 'Siev', '140374-10621', 'Rīgā, Ausekļa pr.N 16-19', '2385755', ''),
(6, 'Jānis', 'Dārziņš', 'Zīmēšana', 'Vidējā speciālā', 'Vīr', '310372-10607', 'Rīgā, Katrīnas dambī N 22b-5', '7749247', ''),
(7, 'Inga', 'Kaņepe', 'Darbmācība', 'Vidējā speciālā', 'Siev', '241074-12706', 'Rīgā, Valdeíu N 68/1-53', '2756950', ''),
(8, 'Inese', 'Freivalde', 'Matemātika', 'Augstākā', 'Siev', '181246-11811', 'Rīgā, Dārza N 38-77', '7295535', ''),
(9, 'Viesturs', 'Aukons', 'Angļu valoda', 'Augstākā', 'Vīr', '250858-10642', 'Rīgā, Tēriņu N 5-1', '7461294', ''),
(10, 'Renārs', 'Bārzdiņš', 'Vācu valoda', 'Augstākā', 'Vīr', '010772-10040', 'Rīgā, Brīvības N 142-7', '2945051', ''),
(11, 'Ilgvars', 'Vimbulis', 'Latviešu valoda un literatūra', 'Augstākā', 'Vīr', '120451-12601', 'Rīgā, Upeslejas N 8-25', '2845042', ''),
(12, 'Agris', 'Bērziņš', 'Matemātika', 'Augstākā', 'Vīr', '120661-10682', 'Rīgā, Gaujas N 4-24', '7459304', ''),
(13, 'Evija', 'Klusa', 'Zīmēšana', 'Augstākā', 'Siev', '230159-10395', 'Rīga, Nometņu N 4-4', '2139402', '');

-- --------------------------------------------------------

--
-- Структура таблицы `Stunda`
--

CREATE TABLE `Stunda` (
  `ID_Stunda` int(2) NOT NULL,
  `ID_Prieksmets` int(2) DEFAULT NULL,
  `ID_Skolotajs` int(2) DEFAULT NULL,
  `Telpa` varchar(11) DEFAULT NULL
) ENGINE=InnoDB DEFAULT CHARSET=utf8mb3 ROW_FORMAT=COMPACT;

--
-- Дамп данных таблицы `Stunda`
--

INSERT INTO `Stunda` (`ID_Stunda`, `ID_Prieksmets`, `ID_Skolotajs`, `Telpa`) VALUES
(1, 1, 1, '312'),
(10, 1, 8, '423'),
(11, 1, 12, '432'),
(12, 4, 2, '234'),
(13, 4, 11, '245'),
(14, 6, 3, '300'),
(15, 7, 4, '313'),
(16, 8, 5, 'Sporta zāle'),
(17, 5, 6, '212'),
(18, 2, 9, '134'),
(19, 3, 10, '125');

--
-- Индексы сохранённых таблиц
--

--
-- Индексы таблицы `Klase`
--
ALTER TABLE `Klase`
  ADD PRIMARY KEY (`ID_Klase`),
  ADD UNIQUE KEY `ID_Skolotajs` (`ID_Skolotajs`),
  ADD KEY `ID_Klase` (`ID_Klase`);

--
-- Индексы таблицы `Prieksmets`
--
ALTER TABLE `Prieksmets`
  ADD PRIMARY KEY (`ID_prieksmets`),
  ADD KEY `ID_prieksmets` (`ID_prieksmets`);

--
-- Индексы таблицы `Sekmes`
--
ALTER TABLE `Sekmes`
  ADD KEY `ID_Stunda` (`ID_Stunda`),
  ADD KEY `ID_Skolens` (`ID_Skolens`) USING BTREE;

--
-- Индексы таблицы `Skolens`
--
ALTER TABLE `Skolens`
  ADD PRIMARY KEY (`ID_Skolens`),
  ADD KEY `ID_Klase` (`ID_Klase`),
  ADD KEY `ID_Skolens` (`ID_Skolens`) USING BTREE;

--
-- Индексы таблицы `Skolotajs`
--
ALTER TABLE `Skolotajs`
  ADD PRIMARY KEY (`ID_Skolotajs`),
  ADD KEY `ID_Skolotajs` (`ID_Skolotajs`);

--
-- Индексы таблицы `Stunda`
--
ALTER TABLE `Stunda`
  ADD PRIMARY KEY (`ID_Stunda`),
  ADD KEY `ID_Skolotajs` (`ID_Skolotajs`),
  ADD KEY `ID_Prieksmets` (`ID_Prieksmets`),
  ADD KEY `ID_Stunda` (`ID_Stunda`) USING BTREE;

--
-- AUTO_INCREMENT для сохранённых таблиц
--

--
-- AUTO_INCREMENT для таблицы `Prieksmets`
--
ALTER TABLE `Prieksmets`
  MODIFY `ID_prieksmets` int(2) NOT NULL AUTO_INCREMENT, AUTO_INCREMENT=29;

--
-- AUTO_INCREMENT для таблицы `Skolens`
--
ALTER TABLE `Skolens`
  MODIFY `ID_Skolens` int(3) NOT NULL AUTO_INCREMENT, AUTO_INCREMENT=326;

--
-- AUTO_INCREMENT для таблицы `Skolotajs`
--
ALTER TABLE `Skolotajs`
  MODIFY `ID_Skolotajs` int(2) NOT NULL AUTO_INCREMENT, AUTO_INCREMENT=14;

--
-- AUTO_INCREMENT для таблицы `Stunda`
--
ALTER TABLE `Stunda`
  MODIFY `ID_Stunda` int(2) NOT NULL AUTO_INCREMENT, AUTO_INCREMENT=20;

--
-- Ограничения внешнего ключа сохраненных таблиц
--

--
-- Ограничения внешнего ключа таблицы `Klase`
--
ALTER TABLE `Klase`
  ADD CONSTRAINT `Klase_ibfk_1` FOREIGN KEY (`ID_Skolotajs`) REFERENCES `Skolotajs` (`ID_Skolotajs`) ON UPDATE CASCADE;

--
-- Ограничения внешнего ключа таблицы `Sekmes`
--
ALTER TABLE `Sekmes`
  ADD CONSTRAINT `Sekmes_ibfk_1` FOREIGN KEY (`ID_Skolens`) REFERENCES `Skolens` (`ID_Skolens`) ON UPDATE CASCADE,
  ADD CONSTRAINT `Sekmes_ibfk_2` FOREIGN KEY (`ID_Stunda`) REFERENCES `Stunda` (`ID_Stunda`) ON UPDATE CASCADE;

--
-- Ограничения внешнего ключа таблицы `Skolens`
--
ALTER TABLE `Skolens`
  ADD CONSTRAINT `Skolens_ibfk_1` FOREIGN KEY (`ID_Klase`) REFERENCES `Klase` (`ID_Klase`) ON UPDATE CASCADE;

--
-- Ограничения внешнего ключа таблицы `Stunda`
--
ALTER TABLE `Stunda`
  ADD CONSTRAINT `Stunda_ibfk_1` FOREIGN KEY (`ID_Skolotajs`) REFERENCES `Skolotajs` (`ID_Skolotajs`) ON UPDATE CASCADE,
  ADD CONSTRAINT `Stunda_ibfk_2` FOREIGN KEY (`ID_Prieksmets`) REFERENCES `Prieksmets` (`ID_prieksmets`) ON UPDATE CASCADE;
COMMIT;

/*!40101 SET CHARACTER_SET_CLIENT=@OLD_CHARACTER_SET_CLIENT */;
/*!40101 SET CHARACTER_SET_RESULTS=@OLD_CHARACTER_SET_RESULTS */;
/*!40101 SET COLLATION_CONNECTION=@OLD_COLLATION_CONNECTION */;
